total_pnl,n_fills,n_adverse,afr,abstentions,episode,agent
-227.19719032769092,80,0,0.0,1920,1,PPO
-92.6486776805113,36,0,0.0,1964,2,PPO
-290.35837556369864,128,0,0.0,1872,3,PPO
-358.34802685984755,126,0,0.0,1874,4,PPO
-102.09366239311782,38,0,0.0,1962,5,PPO
-283.0280705238102,102,0,0.0,1898,6,PPO
-398.48531007062536,156,0,0.0,1844,7,PPO
-182.02485560422565,72,0,0.0,1928,8,PPO
-105.60873570682654,40,0,0.0,1960,9,PPO
-180.7221667576303,64,0,0.0,1936,10,PPO
-176.54761346345427,76,0,0.0,1924,11,PPO
-321.48382481581984,114,0,0.0,1886,12,PPO
-48.059317033308325,22,0,0.0,1978,13,PPO
-111.4821540713645,40,0,0.0,1960,14,PPO
-54.00238951923646,22,0,0.0,1978,15,PPO
-168.4199763203249,60,0,0.0,1940,16,PPO
-188.84571924692693,74,0,0.0,1926,17,PPO
-59.84304044009854,24,0,0.0,1976,18,PPO
-55.67817831994268,16,0,0.0,1984,19,PPO
-373.26353209026433,132,0,0.0,1868,20,PPO
-183.90734711891128,66,0,0.0,1934,21,PPO
-200.38723605401785,86,0,0.0,1914,22,PPO
-55.92969849110668,24,0,0.0,1976,23,PPO
-223.83463657623824,86,0,0.0,1914,24,PPO
-124.39526671174242,46,0,0.0,1954,25,PPO
-269.2275732398717,100,0,0.0,1900,26,PPO
-484.8858587409143,176,0,0.0,1824,27,PPO
-125.6950276828176,50,0,0.0,1950,28,PPO
-119.47673154118584,42,0,0.0,1958,29,PPO
-175.59449612145318,66,0,0.0,1934,30,PPO
-153.6377261043178,56,0,0.0,1944,31,PPO
-42.13905970098481,20,0,0.0,1980,32,PPO
-278.4117774940103,102,0,0.0,1898,33,PPO
-158.75879651074735,60,0,0.0,1940,34,PPO
-184.9505546999691,80,0,0.0,1920,35,PPO
-454.91452458394764,186,0,0.0,1814,36,PPO
-193.31285412555508,68,0,0.0,1932,37,PPO
-227.4589399910658,72,0,0.0,1928,38,PPO
-182.54454044108866,66,0,0.0,1934,39,PPO
-287.0305810523835,112,0,0.0,1888,40,PPO
-27.756046507368737,12,0,0.0,1988,41,PPO
-114.0865766167946,38,0,0.0,1962,42,PPO
-88.04638817790224,32,0,0.0,1968,43,PPO
-148.2416861892183,62,0,0.0,1938,44,PPO
-120.60527493242817,52,0,0.0,1948,45,PPO
-369.5865860534677,142,0,0.0,1858,46,PPO
-65.8410225725334,24,0,0.0,1976,47,PPO
-161.52459694866008,64,0,0.0,1936,48,PPO
-323.62157549152016,116,0,0.0,1884,49,PPO
-86.61519238952025,32,0,0.0,1968,50,PPO
-91.07495128635227,38,0,0.0,1962,51,PPO
-209.2961567068668,86,0,0.0,1914,52,PPO
-88.12045922520686,42,0,0.0,1958,53,PPO
-150.18477722650346,62,0,0.0,1938,54,PPO
-67.02784442903794,22,0,0.0,1978,55,PPO
-129.73620776894472,52,0,0.0,1948,56,PPO
-68.69493625643923,26,0,0.0,1974,57,PPO
-260.10603858476725,100,0,0.0,1900,58,PPO
-179.04561903957645,66,0,0.0,1934,59,PPO
-786.8015544392598,284,0,0.0,1716,60,PPO
-114.87905904295533,38,0,0.0,1962,61,PPO
-207.30380754953347,82,0,0.0,1918,62,PPO
-164.82354865553913,56,0,0.0,1944,63,PPO
-54.54878805162705,20,0,0.0,1980,64,PPO
-179.838271515416,64,0,0.0,1936,65,PPO
-67.04589996102092,26,0,0.0,1974,66,PPO
-70.59628456833308,24,0,0.0,1976,67,PPO
-186.76747080570468,80,0,0.0,1920,68,PPO
-180.6094007993239,68,0,0.0,1932,69,PPO
-115.84253976348845,50,0,0.0,1950,70,PPO
-150.34132831577855,56,0,0.0,1944,71,PPO
-123.86468252901633,52,0,0.0,1948,72,PPO
-177.60307846311827,64,0,0.0,1936,73,PPO
-190.8699669647813,74,0,0.0,1926,74,PPO
-143.44323318962353,50,0,0.0,1950,75,PPO
-105.26442689419811,40,0,0.0,1960,76,PPO
-292.9887577176881,116,0,0.0,1884,77,PPO
-318.1043537259843,126,0,0.0,1874,78,PPO
-199.03577999357057,70,0,0.0,1930,79,PPO
-58.27783703805617,22,0,0.0,1978,80,PPO
-64.38150102140702,28,0,0.0,1972,81,PPO
-153.52795800927942,52,0,0.0,1948,82,PPO
-47.35992869853538,16,0,0.0,1984,83,PPO
-182.78630028014226,64,0,0.0,1936,84,PPO
-112.69814702751292,38,0,0.0,1962,85,PPO
-100.1563668513618,30,0,0.0,1970,86,PPO
-102.3921997070807,42,0,0.0,1958,87,PPO
-87.07829545262385,36,0,0.0,1964,88,PPO
-220.81155357843195,82,0,0.0,1918,89,PPO
-83.73034964324063,30,0,0.0,1970,90,PPO
-137.4182938528497,54,0,0.0,1946,91,PPO
-105.08437241796899,42,0,0.0,1958,92,PPO
-156.7153412914757,62,0,0.0,1938,93,PPO
-135.51051468138724,46,0,0.0,1954,94,PPO
-94.52088091138954,38,0,0.0,1962,95,PPO
-202.3296326137434,78,0,0.0,1922,96,PPO
-85.39519784930569,32,0,0.0,1968,97,PPO
-103.19492011788853,38,0,0.0,1962,98,PPO
-191.31198369269114,72,0,0.0,1928,99,PPO
-330.64534050235386,126,0,0.0,1874,100,PPO
-117.34935479883015,46,0,0.0,1954,101,PPO
-241.22430383449662,90,0,0.0,1910,102,PPO
-162.77924365047863,68,0,0.0,1932,103,PPO
-404.0075392462279,170,0,0.0,1830,104,PPO
-104.84508732082207,40,0,0.0,1960,105,PPO
-91.71356198075489,34,0,0.0,1966,106,PPO
-193.73195958138103,72,0,0.0,1928,107,PPO
-100.40149059536692,32,0,0.0,1968,108,PPO
-180.35180418019908,58,0,0.0,1942,109,PPO
-557.7247566820619,206,0,0.0,1794,110,PPO
-647.5154055144267,252,0,0.0,1748,111,PPO
-307.4267755032401,120,0,0.0,1880,112,PPO
-166.49589777953753,66,0,0.0,1934,113,PPO
-190.94441961293845,74,0,0.0,1926,114,PPO
-162.63047332768906,68,0,0.0,1932,115,PPO
-80.95728348256903,22,0,0.0,1978,116,PPO
-204.42839216716413,80,0,0.0,1920,117,PPO
-63.12739698174526,26,0,0.0,1974,118,PPO
-545.9163199711865,194,0,0.0,1806,119,PPO
-111.91303461076717,42,0,0.0,1958,120,PPO
-338.8198717332369,128,0,0.0,1872,121,PPO
-131.7983414984157,58,0,0.0,1942,122,PPO
-83.45965160371911,32,0,0.0,1968,123,PPO
-97.9313132119426,32,0,0.0,1968,124,PPO
-145.82851565124932,54,0,0.0,1946,125,PPO
-42.70844311239373,18,0,0.0,1982,126,PPO
-151.06765467409116,68,0,0.0,1932,127,PPO
-599.9166131259452,250,0,0.0,1750,128,PPO
-272.7105200577539,106,0,0.0,1894,129,PPO
-302.8142705345925,122,0,0.0,1878,130,PPO
-91.52306932927777,36,0,0.0,1964,131,PPO
-92.94519934179434,38,0,0.0,1962,132,PPO
-119.67846050979306,44,0,0.0,1956,133,PPO
-212.33702590710087,82,0,0.0,1918,134,PPO
-150.3563553643488,52,0,0.0,1948,135,PPO
-487.3127694774637,172,0,0.0,1828,136,PPO
-122.46041245227326,60,0,0.0,1940,137,PPO
-620.8014567686464,234,0,0.0,1766,138,PPO
-110.88299144032528,42,0,0.0,1958,139,PPO
-57.075691263700435,24,0,0.0,1976,140,PPO
-68.75115122320742,22,0,0.0,1978,141,PPO
-255.32836654909642,94,0,0.0,1906,142,PPO
-149.34217987065497,58,0,0.0,1942,143,PPO
-245.54876863724,98,0,0.0,1902,144,PPO
-95.87263750557784,34,0,0.0,1966,145,PPO
-176.89388977056026,78,0,0.0,1922,146,PPO
-102.42375204089942,46,0,0.0,1954,147,PPO
-170.7122099328435,64,0,0.0,1936,148,PPO
-52.42393072368752,18,0,0.0,1982,149,PPO
-277.08235181576043,102,0,0.0,1898,150,PPO
-186.90248859409454,56,0,0.0,1944,151,PPO
-149.74566544060607,66,0,0.0,1934,152,PPO
-354.9242608977485,138,0,0.0,1862,153,PPO
-228.78227067473762,70,0,0.0,1930,154,PPO
-110.25038034679541,40,0,0.0,1960,155,PPO
-320.98910313613817,134,0,0.0,1866,156,PPO
-91.12861652853431,32,0,0.0,1968,157,PPO
-46.24815851212131,18,0,0.0,1982,158,PPO
-233.2980250740573,86,0,0.0,1914,159,PPO
-171.08958473448635,60,0,0.0,1940,160,PPO
-112.07891307118176,40,0,0.0,1960,161,PPO
-220.08405570750412,88,0,0.0,1912,162,PPO
-401.1245651055284,178,0,0.0,1822,163,PPO
-82.30406770471396,28,0,0.0,1972,164,PPO
-187.45704471355396,66,0,0.0,1934,165,PPO
-46.828583731671685,20,0,0.0,1980,166,PPO
-200.45115926747656,68,0,0.0,1932,167,PPO
-373.085636057944,132,0,0.0,1868,168,PPO
-153.6797458911248,60,0,0.0,1940,169,PPO
-71.0241271782096,24,0,0.0,1976,170,PPO
-65.60097326281306,26,0,0.0,1974,171,PPO
-130.48032080414382,50,0,0.0,1950,172,PPO
-278.14025308614407,94,0,0.0,1906,173,PPO
-513.0333834935127,200,0,0.0,1800,174,PPO
-203.49073895698066,76,0,0.0,1924,175,PPO
-94.46542136671778,34,0,0.0,1966,176,PPO
-295.1784904861974,116,0,0.0,1884,177,PPO
-165.37243079187377,66,0,0.0,1934,178,PPO
-60.714827640069714,20,0,0.0,1980,179,PPO
-105.41800283435063,46,0,0.0,1954,180,PPO
-395.72386184221375,124,0,0.0,1876,181,PPO
-145.83538376336574,66,0,0.0,1934,182,PPO
-129.7438287663707,50,0,0.0,1950,183,PPO
-176.3881712079558,66,0,0.0,1934,184,PPO
-75.04854598047677,28,0,0.0,1972,185,PPO
-101.19094320061004,34,0,0.0,1966,186,PPO
-1032.388084919689,394,0,0.0,1606,187,PPO
-270.6172164488306,90,0,0.0,1910,188,PPO
-145.24196044688398,64,0,0.0,1936,189,PPO
-448.3470996810435,166,0,0.0,1834,190,PPO
-209.0246699548292,86,0,0.0,1914,191,PPO
-113.66946379663595,38,0,0.0,1962,192,PPO
-60.127802557958354,20,0,0.0,1980,193,PPO
-141.63825732472026,46,0,0.0,1954,194,PPO
-106.37199741128306,40,0,0.0,1960,195,PPO
-99.26812035801356,34,0,0.0,1966,196,PPO
-58.265598106385745,24,0,0.0,1976,197,PPO
-167.94959177976708,60,0,0.0,1940,198,PPO
-279.13980130916525,112,0,0.0,1888,199,PPO
-28.22014541389304,14,0,0.0,1986,200,PPO
-476.2917803670532,190,0,0.0,1810,201,PPO
-451.61719314823387,168,0,0.0,1832,202,PPO
-290.93904782540477,112,0,0.0,1888,203,PPO
-90.32241981509404,32,0,0.0,1968,204,PPO
-70.88953831197142,22,0,0.0,1978,205,PPO
-203.89988473180745,72,0,0.0,1928,206,PPO
-263.09701377158643,98,0,0.0,1902,207,PPO
-223.47668152337096,92,0,0.0,1908,208,PPO
-518.7271717883235,202,0,0.0,1798,209,PPO
-254.6303841519749,96,0,0.0,1904,210,PPO
-205.80426580911316,78,0,0.0,1922,211,PPO
-74.79367283823872,30,0,0.0,1970,212,PPO
-727.5886690213382,278,0,0.0,1722,213,PPO
-208.3750606680354,68,0,0.0,1932,214,PPO
-104.90578228475263,30,0,0.0,1970,215,PPO
-54.54233438254858,26,0,0.0,1974,216,PPO
-335.3929779506618,116,0,0.0,1884,217,PPO
-217.89750841624857,88,0,0.0,1912,218,PPO
-64.82728465319846,20,0,0.0,1980,219,PPO
-418.24420407781287,150,0,0.0,1850,220,PPO
-234.88547137503653,82,0,0.0,1918,221,PPO
-99.63768760206058,38,0,0.0,1962,222,PPO
-52.77543768884644,26,0,0.0,1974,223,PPO
-225.8872981119841,100,0,0.0,1900,224,PPO
-43.51120764017542,22,0,0.0,1978,225,PPO
-325.2042984247935,122,0,0.0,1878,226,PPO
-426.19718488226744,188,0,0.0,1812,227,PPO
-281.3934062982128,94,0,0.0,1906,228,PPO
-291.1677464819712,112,0,0.0,1888,229,PPO
-234.28940539602388,100,0,0.0,1900,230,PPO
-390.78926037080146,146,0,0.0,1854,231,PPO
-107.98191561463406,44,0,0.0,1956,232,PPO
-73.51739125254826,30,0,0.0,1970,233,PPO
-148.17666285995747,54,0,0.0,1946,234,PPO
-203.61340621474181,74,0,0.0,1926,235,PPO
-80.24113943817561,20,0,0.0,1980,236,PPO
-122.82339810375039,46,0,0.0,1954,237,PPO
-121.4410482764622,52,0,0.0,1948,238,PPO
-68.0801168227283,22,0,0.0,1978,239,PPO
-220.05339086774796,78,0,0.0,1922,240,PPO
-80.48101769688657,26,0,0.0,1974,241,PPO
-134.06889617922687,46,0,0.0,1954,242,PPO
-313.285268344946,116,0,0.0,1884,243,PPO
-56.89455141069252,24,0,0.0,1976,244,PPO
-85.1124498438966,28,0,0.0,1972,245,PPO
-376.36844887026365,134,0,0.0,1866,246,PPO
-464.9771271659064,186,0,0.0,1814,247,PPO
-105.40877739669781,34,0,0.0,1966,248,PPO
-119.37382999898166,42,0,0.0,1958,249,PPO
-152.10122188811332,66,0,0.0,1934,250,PPO
-79.78298754932534,32,0,0.0,1968,251,PPO
-185.06432945732965,70,0,0.0,1930,252,PPO
-192.66348403218606,70,0,0.0,1930,253,PPO
-48.789914474501856,16,0,0.0,1984,254,PPO
-214.5533530116575,94,0,0.0,1906,255,PPO
-268.17744610316,98,0,0.0,1902,256,PPO
-165.79750355485302,60,0,0.0,1940,257,PPO
-173.19758663894638,64,0,0.0,1936,258,PPO
-279.78092621570545,104,0,0.0,1896,259,PPO
-79.38025603535556,30,0,0.0,1970,260,PPO
-76.84306195261568,30,0,0.0,1970,261,PPO
-121.43929839376851,50,0,0.0,1950,262,PPO
-114.05469187024747,36,0,0.0,1964,263,PPO
-111.04370011570977,40,0,0.0,1960,264,PPO
-216.20326551918004,72,0,0.0,1928,265,PPO
-84.79068579677406,38,0,0.0,1962,266,PPO
-166.7306130910503,66,0,0.0,1934,267,PPO
-102.53723945620003,36,0,0.0,1964,268,PPO
-358.41539621123934,134,0,0.0,1866,269,PPO
-178.85406668905958,78,0,0.0,1922,270,PPO
-96.0269815826707,38,0,0.0,1962,271,PPO
-379.4251942659284,128,0,0.0,1872,272,PPO
-87.38336349489197,34,0,0.0,1966,273,PPO
-123.40012993101087,42,0,0.0,1958,274,PPO
-115.58555929664871,48,0,0.0,1952,275,PPO
-264.12050948862463,106,0,0.0,1894,276,PPO
-95.53107087375042,32,0,0.0,1968,277,PPO
-114.31428465130998,38,0,0.0,1962,278,PPO
-104.58483821155966,40,0,0.0,1960,279,PPO
-250.83206476213442,90,0,0.0,1910,280,PPO
-624.0854200459522,210,0,0.0,1790,281,PPO
-110.59918971778414,38,0,0.0,1962,282,PPO
-173.36728155614853,72,0,0.0,1928,283,PPO
-415.06548406373,170,0,0.0,1830,284,PPO
-187.69672328236777,60,0,0.0,1940,285,PPO
-229.60781069285113,90,0,0.0,1910,286,PPO
-35.18266556263698,12,0,0.0,1988,287,PPO
-83.50629930259979,28,0,0.0,1972,288,PPO
-85.91923269988271,24,0,0.0,1976,289,PPO
-465.0276246882815,188,0,0.0,1812,290,PPO
-111.46464934591842,44,0,0.0,1956,291,PPO
-60.743874278090374,20,0,0.0,1980,292,PPO
-374.18507494221376,138,0,0.0,1862,293,PPO
-232.71347536091412,90,0,0.0,1910,294,PPO
-156.92374219419327,62,0,0.0,1938,295,PPO
-51.561235370654906,22,0,0.0,1978,296,PPO
-245.0493866706302,90,0,0.0,1910,297,PPO
-130.48916333440602,48,0,0.0,1952,298,PPO
-868.1817586995852,340,0,0.0,1660,299,PPO
-71.62395118714107,22,0,0.0,1978,300,PPO
-86.88123147012693,28,0,0.0,1972,301,PPO
-131.92792841438262,50,0,0.0,1950,302,PPO
-103.4043054890807,36,0,0.0,1964,303,PPO
-100.09105625869589,40,0,0.0,1960,304,PPO
-89.7563707590234,28,0,0.0,1972,305,PPO
-346.0362062931863,144,0,0.0,1856,306,PPO
-69.80588013172877,26,0,0.0,1974,307,PPO
-147.34924791577097,54,0,0.0,1946,308,PPO
-83.81353382828031,34,0,0.0,1966,309,PPO
-152.84943426611375,60,0,0.0,1940,310,PPO
-87.96701038600905,36,0,0.0,1964,311,PPO
-104.19972605707444,36,0,0.0,1964,312,PPO
-134.41657574895103,42,0,0.0,1958,313,PPO
-278.7692398763345,104,0,0.0,1896,314,PPO
-319.158089735591,124,0,0.0,1876,315,PPO
-91.30154205563592,34,0,0.0,1966,316,PPO
-298.01625397450755,126,0,0.0,1874,317,PPO
-171.1185726380845,68,0,0.0,1932,318,PPO
-87.38572165967925,28,0,0.0,1972,319,PPO
-158.17997466089818,54,0,0.0,1946,320,PPO
-151.0504016137399,50,0,0.0,1950,321,PPO
-51.425577044500095,12,0,0.0,1988,322,PPO
-149.56344041112573,46,0,0.0,1954,323,PPO
-342.774869940355,138,0,0.0,1862,324,PPO
-182.60845023636128,72,0,0.0,1928,325,PPO
-195.87452713971615,82,0,0.0,1918,326,PPO
-120.74852669241953,48,0,0.0,1952,327,PPO
-283.6483922386883,124,0,0.0,1876,328,PPO
-262.22838376049157,112,0,0.0,1888,329,PPO
-118.70915367843753,42,0,0.0,1958,330,PPO
-238.17950046781212,86,0,0.0,1914,331,PPO
-75.77730591777187,28,0,0.0,1972,332,PPO
-203.23212937122446,74,0,0.0,1926,333,PPO
-151.8014883160984,52,0,0.0,1948,334,PPO
-65.82229726553545,32,0,0.0,1968,335,PPO
-86.80166718246444,28,0,0.0,1972,336,PPO
-332.34012979751833,124,0,0.0,1876,337,PPO
-155.79686939244885,80,0,0.0,1920,338,PPO
-125.5613928461424,50,0,0.0,1950,339,PPO
-238.33944878823604,100,0,0.0,1900,340,PPO
-295.5984209037598,100,0,0.0,1900,341,PPO
-719.3237891794853,256,0,0.0,1744,342,PPO
-325.6105969405743,114,0,0.0,1886,343,PPO
-273.25407047517274,104,0,0.0,1896,344,PPO
-201.78550984387283,82,0,0.0,1918,345,PPO
-101.34047274354755,38,0,0.0,1962,346,PPO
-44.698905096065715,18,0,0.0,1982,347,PPO
-97.26362097265809,34,0,0.0,1966,348,PPO
-69.79193051578797,26,0,0.0,1974,349,PPO
-117.79299453979006,50,0,0.0,1950,350,PPO
-391.8913022852718,154,0,0.0,1846,351,PPO
-52.893277974146194,22,0,0.0,1978,352,PPO
-195.19022508625005,62,0,0.0,1938,353,PPO
-95.74429630281868,36,0,0.0,1964,354,PPO
-139.65754514697554,50,0,0.0,1950,355,PPO
-78.66496703864598,24,0,0.0,1976,356,PPO
-234.02704136852094,76,0,0.0,1924,357,PPO
-366.1721900249327,144,0,0.0,1856,358,PPO
-44.15013316394645,24,0,0.0,1976,359,PPO
-309.8403027821287,122,0,0.0,1878,360,PPO
-371.1652345729733,144,0,0.0,1856,361,PPO
-178.55049220089802,60,0,0.0,1940,362,PPO
-259.46951531176177,104,0,0.0,1896,363,PPO
-467.0212952114058,174,0,0.0,1826,364,PPO
-134.97812983994817,56,0,0.0,1944,365,PPO
-99.91024868490929,34,0,0.0,1966,366,PPO
-130.45004783633712,48,0,0.0,1952,367,PPO
-187.86815863138153,72,0,0.0,1928,368,PPO
-48.5300330209863,20,0,0.0,1980,369,PPO
-409.0789761758984,178,0,0.0,1822,370,PPO
-410.345434830275,162,0,0.0,1838,371,PPO
-121.1799278044977,34,0,0.0,1966,372,PPO
-129.55188838007103,54,0,0.0,1946,373,PPO
-74.84157011271833,28,0,0.0,1972,374,PPO
-299.0378424716477,110,0,0.0,1890,375,PPO
-318.80617171529883,104,0,0.0,1896,376,PPO
-440.9214730192106,166,0,0.0,1834,377,PPO
-272.4435470056928,88,0,0.0,1912,378,PPO
-88.18038927556684,40,0,0.0,1960,379,PPO
-139.14926689627112,44,0,0.0,1956,380,PPO
-47.0161335373114,22,0,0.0,1978,381,PPO
-171.76370463375065,60,0,0.0,1940,382,PPO
-313.6136897326114,112,0,0.0,1888,383,PPO
-240.23297004702764,80,0,0.0,1920,384,PPO
-204.25146373514582,72,0,0.0,1928,385,PPO
-122.09765259029079,36,0,0.0,1964,386,PPO
-299.1948346901404,108,0,0.0,1892,387,PPO
-63.84068372012786,22,0,0.0,1978,388,PPO
-265.33254858973834,94,0,0.0,1906,389,PPO
-215.81704677826033,92,0,0.0,1908,390,PPO
-205.29724665885746,76,0,0.0,1924,391,PPO
-91.67639231685752,36,0,0.0,1964,392,PPO
-143.99394982343054,68,0,0.0,1932,393,PPO
-194.07274990086447,74,0,0.0,1926,394,PPO
-74.18181007149744,28,0,0.0,1972,395,PPO
-132.57190924647387,56,0,0.0,1944,396,PPO
-674.975552082201,270,0,0.0,1730,397,PPO
-159.64282051806777,72,0,0.0,1928,398,PPO
-75.89397168161523,22,0,0.0,1978,399,PPO
-602.6262466669986,202,0,0.0,1798,400,PPO
-52.23651144029603,22,0,0.0,1978,401,PPO
-211.5180026030949,90,0,0.0,1910,402,PPO
-51.54219350816711,14,0,0.0,1986,403,PPO
-307.27289913184313,122,0,0.0,1878,404,PPO
-124.69979380372534,46,0,0.0,1954,405,PPO
-405.6776399708526,158,0,0.0,1842,406,PPO
-61.26160075189284,26,0,0.0,1974,407,PPO
-37.896425004006886,16,0,0.0,1984,408,PPO
-114.42897214891566,50,0,0.0,1950,409,PPO
-49.287367825525585,22,0,0.0,1978,410,PPO
-216.86449917081956,80,0,0.0,1920,411,PPO
-398.9287513733464,146,0,0.0,1854,412,PPO
-159.14491424085753,60,0,0.0,1940,413,PPO
-170.5095688343369,68,0,0.0,1932,414,PPO
-235.6600092483032,104,0,0.0,1896,415,PPO
-147.65325032713795,56,0,0.0,1944,416,PPO
-283.06013225561946,118,0,0.0,1882,417,PPO
-199.9270017385876,96,0,0.0,1904,418,PPO
-89.22668648006423,44,0,0.0,1956,419,PPO
-389.64553036937224,144,0,0.0,1856,420,PPO
-192.38697031260708,64,0,0.0,1936,421,PPO
-130.98516881945656,50,0,0.0,1950,422,PPO
-242.11301635032612,98,0,0.0,1902,423,PPO
-91.22871661665091,42,0,0.0,1958,424,PPO
-100.88231755259268,42,0,0.0,1958,425,PPO
-332.90421330698535,118,0,0.0,1882,426,PPO
-138.3050639462602,50,0,0.0,1950,427,PPO
-327.69889144186845,116,0,0.0,1884,428,PPO
-164.14239048008088,70,0,0.0,1930,429,PPO
-251.6865651631762,98,0,0.0,1902,430,PPO
-95.11833280328426,40,0,0.0,1960,431,PPO
-232.14234268670714,90,0,0.0,1910,432,PPO
-87.0668494892193,28,0,0.0,1972,433,PPO
-324.5056517649396,134,0,0.0,1866,434,PPO
-225.62760555510852,80,0,0.0,1920,435,PPO
-160.123044178515,54,0,0.0,1946,436,PPO
-448.8423250223314,170,0,0.0,1830,437,PPO
-652.3938967228956,258,0,0.0,1742,438,PPO
-428.0898353458369,156,0,0.0,1844,439,PPO
-150.16561028959694,48,0,0.0,1952,440,PPO
-553.478162970646,196,0,0.0,1804,441,PPO
-207.43728855375545,62,0,0.0,1938,442,PPO
-107.1460527014936,36,0,0.0,1964,443,PPO
-661.0858400155421,246,0,0.0,1754,444,PPO
-102.89859710219142,34,0,0.0,1966,445,PPO
-96.7205394840517,30,0,0.0,1970,446,PPO
-112.73271359447303,44,0,0.0,1956,447,PPO
-187.60265734915336,70,0,0.0,1930,448,PPO
-100.53587965728597,36,0,0.0,1964,449,PPO
-51.40714429379529,22,0,0.0,1978,450,PPO
-188.96253743411287,86,0,0.0,1914,451,PPO
-72.67223858119804,22,0,0.0,1978,452,PPO
-34.913778734228984,14,0,0.0,1986,453,PPO
-235.26790224078533,90,0,0.0,1910,454,PPO
-82.54327362539566,36,0,0.0,1964,455,PPO
-193.0058061433305,74,0,0.0,1926,456,PPO
-377.0542512894272,152,0,0.0,1848,457,PPO
-317.4222432637766,118,0,0.0,1882,458,PPO
-188.95403741365237,60,0,0.0,1940,459,PPO
-44.42592308998981,14,0,0.0,1986,460,PPO
-146.09016520264097,68,0,0.0,1932,461,PPO
-146.46302929882313,54,0,0.0,1946,462,PPO
-96.04023302079993,42,0,0.0,1958,463,PPO
-449.81845287332766,182,0,0.0,1818,464,PPO
-252.22993908651276,104,0,0.0,1896,465,PPO
-71.99311611655286,36,0,0.0,1964,466,PPO
-383.2554717827818,150,0,0.0,1850,467,PPO
-210.16702549223498,74,0,0.0,1926,468,PPO
-83.64443716765759,30,0,0.0,1970,469,PPO
-57.779873259076275,28,0,0.0,1972,470,PPO
-79.58490189076781,30,0,0.0,1970,471,PPO
-399.6779993034182,156,0,0.0,1844,472,PPO
-130.04811458589396,44,0,0.0,1956,473,PPO
-66.3406311750732,32,0,0.0,1968,474,PPO
-609.7631453062037,242,0,0.0,1758,475,PPO
-278.2067749929879,98,0,0.0,1902,476,PPO
-314.9188382483359,128,0,0.0,1872,477,PPO
-32.31411531926365,12,0,0.0,1988,478,PPO
-156.8798413324706,60,0,0.0,1940,479,PPO
-72.77763852596865,18,0,0.0,1982,480,PPO
-39.56578556538647,14,0,0.0,1986,481,PPO
-255.8807789016383,92,0,0.0,1908,482,PPO
-183.08036613232773,90,0,0.0,1910,483,PPO
-297.33828670742906,102,0,0.0,1898,484,PPO
-506.5292156268401,180,0,0.0,1820,485,PPO
-82.13573032142334,32,0,0.0,1968,486,PPO
-110.02321248534106,40,0,0.0,1960,487,PPO
-60.5801739549797,20,0,0.0,1980,488,PPO
-53.77073613882647,18,0,0.0,1982,489,PPO
-70.78011449577171,32,0,0.0,1968,490,PPO
-174.39594587567825,68,0,0.0,1932,491,PPO
-135.43063333037568,56,0,0.0,1944,492,PPO
-113.81547907116646,52,0,0.0,1948,493,PPO
-336.602954490269,146,0,0.0,1854,494,PPO
-196.17805882458435,80,0,0.0,1920,495,PPO
-333.59873818164505,122,0,0.0,1878,496,PPO
-113.29151949885124,46,0,0.0,1954,497,PPO
-137.34193259242105,50,0,0.0,1950,498,PPO
-110.16809807065056,42,0,0.0,1958,499,PPO
-346.725031757423,124,0,0.0,1876,500,PPO
-54.20636538982827,26,0,0.0,1974,501,PPO
-138.01393501045646,50,0,0.0,1950,502,PPO
-136.5568663573541,56,0,0.0,1944,503,PPO
-173.3943192315728,74,0,0.0,1926,504,PPO
-226.2466219521135,88,0,0.0,1912,505,PPO
-332.0254134011983,126,0,0.0,1874,506,PPO
-229.35389757398735,84,0,0.0,1916,507,PPO
-254.29024170641637,86,0,0.0,1914,508,PPO
-243.3558166027607,94,0,0.0,1906,509,PPO
-285.97234411961415,104,0,0.0,1896,510,PPO
-210.15757677796702,76,0,0.0,1924,511,PPO
-143.6161997294804,46,0,0.0,1954,512,PPO
-307.81736825949525,116,0,0.0,1884,513,PPO
-152.90717512133944,56,0,0.0,1944,514,PPO
-190.836241884265,82,0,0.0,1918,515,PPO
-123.62458140615577,56,0,0.0,1944,516,PPO
-170.25425733810383,62,0,0.0,1938,517,PPO
-152.67408549549822,70,0,0.0,1930,518,PPO
-455.322159164035,176,0,0.0,1824,519,PPO
-304.37823761948295,114,0,0.0,1886,520,PPO
-142.80916094782583,44,0,0.0,1956,521,PPO
-55.92563180924626,22,0,0.0,1978,522,PPO
-129.25905141358407,50,0,0.0,1950,523,PPO
-124.95790606502648,52,0,0.0,1948,524,PPO
-324.88799556023616,130,0,0.0,1870,525,PPO
-187.00947709565213,64,0,0.0,1936,526,PPO
-145.95040801766152,58,0,0.0,1942,527,PPO
-227.42204894071548,84,0,0.0,1916,528,PPO
-207.00373913051732,82,0,0.0,1918,529,PPO
-172.66679964068754,48,0,0.0,1952,530,PPO
-531.3549814582861,204,0,0.0,1796,531,PPO
-237.47633026366543,92,0,0.0,1908,532,PPO
-322.7855952525779,126,0,0.0,1874,533,PPO
-162.08485168224584,74,0,0.0,1926,534,PPO
-86.38799082758662,32,0,0.0,1968,535,PPO
-97.25713731767782,34,0,0.0,1966,536,PPO
-298.44490860230627,126,0,0.0,1874,537,PPO
-44.422465293426356,18,0,0.0,1982,538,PPO
-84.21215278152435,40,0,0.0,1960,539,PPO
-75.03997665407456,30,0,0.0,1970,540,PPO
-159.45035660511695,64,0,0.0,1936,541,PPO
-70.65283523798863,28,0,0.0,1972,542,PPO
-156.635751824414,68,0,0.0,1932,543,PPO
-134.04051571134247,58,0,0.0,1942,544,PPO
-142.1659250545807,50,0,0.0,1950,545,PPO
-115.27515206101319,46,0,0.0,1954,546,PPO
-95.88944012168123,42,0,0.0,1958,547,PPO
-264.5237355685815,90,0,0.0,1910,548,PPO
-73.9640261674233,28,0,0.0,1972,549,PPO
-169.20358878377735,60,0,0.0,1940,550,PPO
-116.06163269044568,48,0,0.0,1952,551,PPO
-165.61085461620453,68,0,0.0,1932,552,PPO
-118.86195403817808,36,0,0.0,1964,553,PPO
-124.06954991580804,52,0,0.0,1948,554,PPO
-408.0676463628721,164,0,0.0,1836,555,PPO
-107.17809286121627,46,0,0.0,1954,556,PPO
-276.0819892836201,96,0,0.0,1904,557,PPO
-193.08035785679573,70,0,0.0,1930,558,PPO
-194.72478241447706,78,0,0.0,1922,559,PPO
-50.37002975465032,14,0,0.0,1986,560,PPO
-159.84054826024402,52,0,0.0,1948,561,PPO
-124.25974013095956,52,0,0.0,1948,562,PPO
-282.6286176539195,96,0,0.0,1904,563,PPO
-313.8939990258683,102,0,0.0,1898,564,PPO
-165.0442819166504,60,0,0.0,1940,565,PPO
-349.87279001957484,146,0,0.0,1854,566,PPO
-384.185713377085,160,0,0.0,1840,567,PPO
-326.58306196936746,126,0,0.0,1874,568,PPO
-204.71479342704302,80,0,0.0,1920,569,PPO
-311.30654958492363,116,0,0.0,1884,570,PPO
-88.69854968311148,30,0,0.0,1970,571,PPO
-347.3377177310701,122,0,0.0,1878,572,PPO
-63.99799389363791,18,0,0.0,1982,573,PPO
-107.31898878576989,46,0,0.0,1954,574,PPO
-364.92980251558083,146,0,0.0,1854,575,PPO
-427.8010270882702,172,0,0.0,1828,576,PPO
-62.71327866079606,26,0,0.0,1974,577,PPO
-95.16629972222668,38,0,0.0,1962,578,PPO
-40.38032332422241,16,0,0.0,1984,579,PPO
-98.98313740016191,38,0,0.0,1962,580,PPO
-286.62598254685275,114,0,0.0,1886,581,PPO
-149.65636874202988,54,0,0.0,1946,582,PPO
-112.86607475522379,52,0,0.0,1948,583,PPO
-231.94944558147554,86,0,0.0,1914,584,PPO
-134.73360514405596,56,0,0.0,1944,585,PPO
-168.4585897755958,68,0,0.0,1932,586,PPO
-115.19502368451617,38,0,0.0,1962,587,PPO
-341.7161435080301,132,0,0.0,1868,588,PPO
-122.62333860877229,46,0,0.0,1954,589,PPO
-70.75069554807065,28,0,0.0,1972,590,PPO
-170.41071787360966,66,0,0.0,1934,591,PPO
-59.73389209511661,28,0,0.0,1972,592,PPO
-133.77400485279355,42,0,0.0,1958,593,PPO
-35.46733596087957,12,0,0.0,1988,594,PPO
-190.54966609960238,76,0,0.0,1924,595,PPO
-238.6304686808994,94,0,0.0,1906,596,PPO
-218.85711578134072,82,0,0.0,1918,597,PPO
-126.78217929366451,36,0,0.0,1964,598,PPO
-84.52152065041153,28,0,0.0,1972,599,PPO
-96.8506146145216,34,0,0.0,1966,600,PPO
-148.27528698924698,56,0,0.0,1944,601,PPO
-215.63467024569113,74,0,0.0,1926,602,PPO
-63.09178833487851,26,0,0.0,1974,603,PPO
-258.48436715373487,102,0,0.0,1898,604,PPO
-177.3063507652778,76,0,0.0,1924,605,PPO
-73.1755237364871,26,0,0.0,1974,606,PPO
-115.18788996698655,48,0,0.0,1952,607,PPO
-56.12959003450232,22,0,0.0,1978,608,PPO
-183.44859925035306,78,0,0.0,1922,609,PPO
-86.01070245744981,28,0,0.0,1972,610,PPO
-51.88009346725448,18,0,0.0,1982,611,PPO
-283.4182473159259,114,0,0.0,1886,612,PPO
-83.08019910100178,24,0,0.0,1976,613,PPO
-108.41159432173644,42,0,0.0,1958,614,PPO
-50.078125593662264,18,0,0.0,1982,615,PPO
-51.36326410056762,22,0,0.0,1978,616,PPO
-49.71310610534071,16,0,0.0,1984,617,PPO
-358.4368870974026,128,0,0.0,1872,618,PPO
-67.91183513881379,26,0,0.0,1974,619,PPO
-179.5191295576548,74,0,0.0,1926,620,PPO
-279.1083778572504,102,0,0.0,1898,621,PPO
-80.1626752042974,34,0,0.0,1966,622,PPO
-52.33974132063478,24,0,0.0,1976,623,PPO
-110.38947504283739,44,0,0.0,1956,624,PPO
-113.38700830223648,44,0,0.0,1956,625,PPO
-152.7957678556966,58,0,0.0,1942,626,PPO
-209.78147209172872,92,0,0.0,1908,627,PPO
-55.90970538380091,18,0,0.0,1982,628,PPO
-100.18555206778429,32,0,0.0,1968,629,PPO
-187.6099794793552,70,0,0.0,1930,630,PPO
-376.1430833746005,160,0,0.0,1840,631,PPO
-129.44392060042736,44,0,0.0,1956,632,PPO
-231.7929995656785,110,0,0.0,1890,633,PPO
-160.0580612087469,52,0,0.0,1948,634,PPO
-42.37406011582294,14,0,0.0,1986,635,PPO
-494.0145370079325,210,0,0.0,1790,636,PPO
-99.3585219622022,38,0,0.0,1962,637,PPO
-121.37158455613768,64,0,0.0,1936,638,PPO
-33.883490931993585,10,0,0.0,1990,639,PPO
-79.15341764453274,36,0,0.0,1964,640,PPO
-95.58777333024219,40,0,0.0,1960,641,PPO
-115.6404003191169,42,0,0.0,1958,642,PPO
-71.22742862703308,32,0,0.0,1968,643,PPO
-271.5738622165105,114,0,0.0,1886,644,PPO
-102.34071505309751,30,0,0.0,1970,645,PPO
-83.02102370266074,32,0,0.0,1968,646,PPO
-509.7690328074607,192,0,0.0,1808,647,PPO
-232.66010928874485,92,0,0.0,1908,648,PPO
-120.36829716685342,46,0,0.0,1954,649,PPO
-140.75467118981697,48,0,0.0,1952,650,PPO
-47.17128089667676,14,0,0.0,1986,651,PPO
-72.54680022241575,30,0,0.0,1970,652,PPO
-219.04509167676005,88,0,0.0,1912,653,PPO
-363.02746247063186,138,0,0.0,1862,654,PPO
-107.24090010643292,34,0,0.0,1966,655,PPO
-211.43243988993405,76,0,0.0,1924,656,PPO
-54.172435786744465,22,0,0.0,1978,657,PPO
-340.1436042476338,124,0,0.0,1876,658,PPO
-74.89459511758061,26,0,0.0,1974,659,PPO
-397.1289769578621,152,0,0.0,1848,660,PPO
-70.38947221042473,26,0,0.0,1974,661,PPO
-143.5960130095977,66,0,0.0,1934,662,PPO
-147.13895107988338,68,0,0.0,1932,663,PPO
-57.295820386424325,16,0,0.0,1984,664,PPO
-273.2376684380014,100,0,0.0,1900,665,PPO
-330.95157186276305,142,0,0.0,1858,666,PPO
-138.33257334949485,58,0,0.0,1942,667,PPO
-141.58087383271717,64,0,0.0,1936,668,PPO
-71.14167124750267,30,0,0.0,1970,669,PPO
-298.300061149645,116,0,0.0,1884,670,PPO
-403.0644802404283,156,0,0.0,1844,671,PPO
-97.47590137960854,28,0,0.0,1972,672,PPO
-305.3325454927027,112,0,0.0,1888,673,PPO
-73.90472342494205,32,0,0.0,1968,674,PPO
-35.7663307523902,12,0,0.0,1988,675,PPO
-242.73675370935996,92,0,0.0,1908,676,PPO
-210.14366407399518,88,0,0.0,1912,677,PPO
-670.5417822076181,260,0,0.0,1740,678,PPO
-274.39139635092477,114,0,0.0,1886,679,PPO
-108.12347830776186,50,0,0.0,1950,680,PPO
-355.99996064193374,146,0,0.0,1854,681,PPO
-147.79932693484216,48,0,0.0,1952,682,PPO
-192.94277233605288,78,0,0.0,1922,683,PPO
-141.68587329153752,52,0,0.0,1948,684,PPO
-215.71893742330207,94,0,0.0,1906,685,PPO
-146.30211846354246,56,0,0.0,1944,686,PPO
-258.38755696299893,92,0,0.0,1908,687,PPO
-234.2371999812636,80,0,0.0,1920,688,PPO
-75.35183226111897,32,0,0.0,1968,689,PPO
-55.030676887057204,22,0,0.0,1978,690,PPO
-121.24097310545822,38,0,0.0,1962,691,PPO
-250.95810715920328,112,0,0.0,1888,692,PPO
-409.5707912684374,154,0,0.0,1846,693,PPO
-64.55465756178339,20,0,0.0,1980,694,PPO
-514.7467564178545,198,0,0.0,1802,695,PPO
-222.24330729727507,86,0,0.0,1914,696,PPO
-20.575421011462456,10,0,0.0,1990,697,PPO
-31.163499209898287,12,0,0.0,1988,698,PPO
-388.48801193247493,146,0,0.0,1854,699,PPO
-177.7938694406007,72,0,0.0,1928,700,PPO
-181.2210532403255,58,0,0.0,1942,701,PPO
-72.6401195383363,22,0,0.0,1978,702,PPO
-240.70327467683475,86,0,0.0,1914,703,PPO
-531.1819694400663,186,0,0.0,1814,704,PPO
-64.45536956551166,24,0,0.0,1976,705,PPO
-266.39222580198265,108,0,0.0,1892,706,PPO
-295.50094337231656,116,0,0.0,1884,707,PPO
-87.131583449842,34,0,0.0,1966,708,PPO
-68.55143408538657,24,0,0.0,1976,709,PPO
-369.7399685026188,144,0,0.0,1856,710,PPO
-29.553350505820124,12,0,0.0,1988,711,PPO
-133.0917211961935,52,0,0.0,1948,712,PPO
-125.07012187959947,52,0,0.0,1948,713,PPO
-28.682139472967247,12,0,0.0,1988,714,PPO
-210.33188002591893,92,0,0.0,1908,715,PPO
-537.7814039994495,218,0,0.0,1782,716,PPO
-93.47748059035801,40,0,0.0,1960,717,PPO
-126.72454381467946,48,0,0.0,1952,718,PPO
-85.84193181515757,32,0,0.0,1968,719,PPO
-360.4690737748758,136,0,0.0,1864,720,PPO
-79.71156738760996,28,0,0.0,1972,721,PPO
-189.29653849842487,62,0,0.0,1938,722,PPO
-303.13974204066045,116,0,0.0,1884,723,PPO
-86.90550689223048,28,0,0.0,1972,724,PPO
-48.65096925021819,20,0,0.0,1980,725,PPO
-492.83575205096406,198,0,0.0,1802,726,PPO
-54.47419886589341,20,0,0.0,1980,727,PPO
-21.110486431137833,14,0,0.0,1986,728,PPO
-112.15527865411885,40,0,0.0,1960,729,PPO
-97.59305859569227,36,0,0.0,1964,730,PPO
-220.31569256787188,88,0,0.0,1912,731,PPO
-71.48236577989127,28,0,0.0,1972,732,PPO
-100.4513605475746,38,0,0.0,1962,733,PPO
-155.90822331670444,54,0,0.0,1946,734,PPO
-80.49577659606788,26,0,0.0,1974,735,PPO
-191.25925739053702,70,0,0.0,1930,736,PPO
-208.37135816577018,74,0,0.0,1926,737,PPO
-228.2483007145569,98,0,0.0,1902,738,PPO
-25.110508666045785,12,0,0.0,1988,739,PPO
-117.67893809319996,48,0,0.0,1952,740,PPO
-107.51794258835841,40,0,0.0,1960,741,PPO
-76.82934029580325,36,0,0.0,1964,742,PPO
-332.93166293868643,136,0,0.0,1864,743,PPO
-257.6289464307209,104,0,0.0,1896,744,PPO
-235.21678412440772,86,0,0.0,1914,745,PPO
-426.68686938533426,166,0,0.0,1834,746,PPO
-144.88928423169912,56,0,0.0,1944,747,PPO
-103.33998350146632,38,0,0.0,1962,748,PPO
-39.85503509284376,14,0,0.0,1986,749,PPO
-402.8731557179329,150,0,0.0,1850,750,PPO
-155.1350614476495,64,0,0.0,1936,751,PPO
-63.1289900732215,28,0,0.0,1972,752,PPO
-269.9996613121776,96,0,0.0,1904,753,PPO
-198.4412172961454,84,0,0.0,1916,754,PPO
-321.98728358035873,128,0,0.0,1872,755,PPO
-142.14757272485414,56,0,0.0,1944,756,PPO
-40.6062291145412,14,0,0.0,1986,757,PPO
-31.111930706511192,14,0,0.0,1986,758,PPO
-112.0882649612703,50,0,0.0,1950,759,PPO
-99.7044754624614,36,0,0.0,1964,760,PPO
-116.78713187935875,46,0,0.0,1954,761,PPO
-824.7758580877081,316,0,0.0,1684,762,PPO
-96.58444962027743,44,0,0.0,1956,763,PPO
-109.62629698517702,42,0,0.0,1958,764,PPO
-222.41001389508423,84,0,0.0,1916,765,PPO
-251.7170392394547,78,0,0.0,1922,766,PPO
-114.53335690976057,44,0,0.0,1956,767,PPO
-93.57076552869198,38,0,0.0,1962,768,PPO
-265.5966180062731,94,0,0.0,1906,769,PPO
-144.287647719424,60,0,0.0,1940,770,PPO
-193.71721584799084,68,0,0.0,1932,771,PPO
-256.8116377139397,98,0,0.0,1902,772,PPO
-105.46293555261884,38,0,0.0,1962,773,PPO
-248.73172260051834,100,0,0.0,1900,774,PPO
-127.78283111336178,44,0,0.0,1956,775,PPO
-1372.1119031980022,546,0,0.0,1454,776,PPO
-79.1285980582572,36,0,0.0,1964,777,PPO
-41.83196651697595,16,0,0.0,1984,778,PPO
-71.84942154171702,26,0,0.0,1974,779,PPO
-158.4658586406984,58,0,0.0,1942,780,PPO
-160.70780246023293,56,0,0.0,1944,781,PPO
-151.29887898212252,58,0,0.0,1942,782,PPO
-88.77323977949709,36,0,0.0,1964,783,PPO
-215.79817367795766,84,0,0.0,1916,784,PPO
-525.3862452388975,198,0,0.0,1802,785,PPO
-130.0486652469984,48,0,0.0,1952,786,PPO
-91.26830736878735,42,0,0.0,1958,787,PPO
-63.38829106570309,24,0,0.0,1976,788,PPO
-102.85247016670208,36,0,0.0,1964,789,PPO
-207.3648859525004,94,0,0.0,1906,790,PPO
-131.25992998842207,52,0,0.0,1948,791,PPO
-94.72285944940843,38,0,0.0,1962,792,PPO
-238.03052366262833,94,0,0.0,1906,793,PPO
-91.58947562935732,44,0,0.0,1956,794,PPO
-155.72146426205387,62,0,0.0,1938,795,PPO
-121.54333207131454,46,0,0.0,1954,796,PPO
-80.72025851250277,28,0,0.0,1972,797,PPO
-93.29688542131682,44,0,0.0,1956,798,PPO
-142.46951083423312,52,0,0.0,1948,799,PPO
-383.5150224662527,152,0,0.0,1848,800,PPO
-190.55397289994735,68,0,0.0,1932,801,PPO
-199.65200969225032,74,0,0.0,1926,802,PPO
-100.83337704422563,34,0,0.0,1966,803,PPO
-41.52991794349509,18,0,0.0,1982,804,PPO
-202.64743923431348,74,0,0.0,1926,805,PPO
-204.73670347219283,92,0,0.0,1908,806,PPO
-156.63263882641692,64,0,0.0,1936,807,PPO
-564.0589599634558,222,0,0.0,1778,808,PPO
-58.973234097961985,24,0,0.0,1976,809,PPO
-209.78872807267382,78,0,0.0,1922,810,PPO
-828.4052423789195,308,0,0.0,1692,811,PPO
-101.498290538814,38,0,0.0,1962,812,PPO
-68.76865303756406,22,0,0.0,1978,813,PPO
-141.83989410641144,58,0,0.0,1942,814,PPO
-159.4506655860384,66,0,0.0,1934,815,PPO
-212.8378138208637,68,0,0.0,1932,816,PPO
-139.43502269985908,60,0,0.0,1940,817,PPO
-150.4532083464033,52,0,0.0,1948,818,PPO
-599.8045925356208,218,0,0.0,1782,819,PPO
-290.159306752756,104,0,0.0,1896,820,PPO
-219.62634603027615,80,0,0.0,1920,821,PPO
-132.54232187988697,52,0,0.0,1948,822,PPO
-432.0319707609125,162,0,0.0,1838,823,PPO
-47.947040042888844,24,0,0.0,1976,824,PPO
-523.2632069970283,216,0,0.0,1784,825,PPO
-245.2631993079533,98,0,0.0,1902,826,PPO
-194.6609749985238,74,0,0.0,1926,827,PPO
-174.71563013318115,62,0,0.0,1938,828,PPO
-327.5309106255337,110,0,0.0,1890,829,PPO
-79.04706823112764,28,0,0.0,1972,830,PPO
-92.26724550964339,42,0,0.0,1958,831,PPO
-102.25163303140316,40,0,0.0,1960,832,PPO
-83.43780784606643,28,0,0.0,1972,833,PPO
-202.41610664611625,80,0,0.0,1920,834,PPO
-501.88844893942724,196,0,0.0,1804,835,PPO
-938.3178706672055,344,0,0.0,1656,836,PPO
-240.83262907986253,94,0,0.0,1906,837,PPO
-165.38457198147375,60,0,0.0,1940,838,PPO
-115.86978158476444,48,0,0.0,1952,839,PPO
-155.76134862664412,62,0,0.0,1938,840,PPO
-289.3637673020813,104,0,0.0,1896,841,PPO
-169.33464784388,62,0,0.0,1938,842,PPO
-274.6973309398149,98,0,0.0,1902,843,PPO
-151.02651807549535,64,0,0.0,1936,844,PPO
-256.49590380914333,108,0,0.0,1892,845,PPO
-398.21230029829576,136,0,0.0,1864,846,PPO
-211.01000548129264,82,0,0.0,1918,847,PPO
-163.91533723833936,54,0,0.0,1946,848,PPO
-672.8876703621221,248,0,0.0,1752,849,PPO
-310.80546895508655,114,0,0.0,1886,850,PPO
-83.17481505157747,30,0,0.0,1970,851,PPO
-124.92599902870452,38,0,0.0,1962,852,PPO
-436.77128901968956,156,0,0.0,1844,853,PPO
-115.98442592386944,44,0,0.0,1956,854,PPO
-180.07292404177866,72,0,0.0,1928,855,PPO
-74.44770633937384,28,0,0.0,1972,856,PPO
-122.8173201322861,44,0,0.0,1956,857,PPO
-185.4475478220422,68,0,0.0,1932,858,PPO
-125.08118820430883,42,0,0.0,1958,859,PPO
-96.7813757634483,44,0,0.0,1956,860,PPO
-56.8449918746992,18,0,0.0,1982,861,PPO
-184.4367300224785,74,0,0.0,1926,862,PPO
-89.37060518504643,32,0,0.0,1968,863,PPO
-138.65344235661115,48,0,0.0,1952,864,PPO
-60.72771172048699,18,0,0.0,1982,865,PPO
-58.70918202878355,20,0,0.0,1980,866,PPO
-50.06487651111006,22,0,0.0,1978,867,PPO
-84.78638977290655,28,0,0.0,1972,868,PPO
-52.558615038406565,20,0,0.0,1980,869,PPO
-198.5757182288782,80,0,0.0,1920,870,PPO
-64.45124501231098,26,0,0.0,1974,871,PPO
-113.15737671616749,60,0,0.0,1940,872,PPO
-133.81237006191657,48,0,0.0,1952,873,PPO
-45.33285842419544,16,0,0.0,1984,874,PPO
-37.59755884647806,16,0,0.0,1984,875,PPO
-118.6650022078041,44,0,0.0,1956,876,PPO
-65.49193500281254,22,0,0.0,1978,877,PPO
-246.22851061586945,78,0,0.0,1922,878,PPO
-128.5457436299921,54,0,0.0,1946,879,PPO
-51.42363630297129,22,0,0.0,1978,880,PPO
-170.52033192637643,68,0,0.0,1932,881,PPO
-95.77426995757733,40,0,0.0,1960,882,PPO
-146.68631921055695,56,0,0.0,1944,883,PPO
-60.38622060302413,26,0,0.0,1974,884,PPO
-274.09406224017164,112,0,0.0,1888,885,PPO
-110.10324126245918,42,0,0.0,1958,886,PPO
-77.0956255436162,36,0,0.0,1964,887,PPO
-359.67025425676314,124,0,0.0,1876,888,PPO
-57.45620957137173,16,0,0.0,1984,889,PPO
-174.68082588676572,64,0,0.0,1936,890,PPO
-185.88638197187257,62,0,0.0,1938,891,PPO
-532.3137308861002,214,0,0.0,1786,892,PPO
-68.33883850576095,24,0,0.0,1976,893,PPO
-89.28679136755262,28,0,0.0,1972,894,PPO
-261.8343998528212,102,0,0.0,1898,895,PPO
-294.22255407340504,114,0,0.0,1886,896,PPO
-173.1481551862316,72,0,0.0,1928,897,PPO
-603.2886491180788,230,0,0.0,1770,898,PPO
-157.35968512776722,54,0,0.0,1946,899,PPO
-133.9264601302598,52,0,0.0,1948,900,PPO
-165.62472953562923,60,0,0.0,1940,901,PPO
-187.6568522906653,68,0,0.0,1932,902,PPO
-393.3011944509557,168,0,0.0,1832,903,PPO
-110.71397305015093,48,0,0.0,1952,904,PPO
-76.90385129216388,26,0,0.0,1974,905,PPO
-225.30607580191474,92,0,0.0,1908,906,PPO
-143.07850243094927,50,0,0.0,1950,907,PPO
-1176.9756067635858,496,0,0.0,1504,908,PPO
-55.450410611648415,26,0,0.0,1974,909,PPO
-323.9802310109911,126,0,0.0,1874,910,PPO
-129.6357185578695,44,0,0.0,1956,911,PPO
-177.33772460463283,56,0,0.0,1944,912,PPO
-458.5414680887621,198,0,0.0,1802,913,PPO
-153.94368972306586,72,0,0.0,1928,914,PPO
-126.7471890116029,52,0,0.0,1948,915,PPO
-253.6451030159405,88,0,0.0,1912,916,PPO
-89.1689841008346,32,0,0.0,1968,917,PPO
-146.3485702681963,58,0,0.0,1942,918,PPO
-89.79618292333731,34,0,0.0,1966,919,PPO
-67.4773553419317,22,0,0.0,1978,920,PPO
-80.05788666966778,30,0,0.0,1970,921,PPO
-93.03295580152333,34,0,0.0,1966,922,PPO
-155.48652310138223,64,0,0.0,1936,923,PPO
-421.73049101122297,140,0,0.0,1860,924,PPO
-207.64566581013003,66,0,0.0,1934,925,PPO
-89.53326933863688,32,0,0.0,1968,926,PPO
-222.41634911780682,70,0,0.0,1930,927,PPO
-135.16703359605486,58,0,0.0,1942,928,PPO
-282.6807982588381,106,0,0.0,1894,929,PPO
-175.89205523020036,70,0,0.0,1930,930,PPO
-125.1898830390282,42,0,0.0,1958,931,PPO
-226.49359436756393,92,0,0.0,1908,932,PPO
-105.30536386015503,34,0,0.0,1966,933,PPO
-224.6573116159789,86,0,0.0,1914,934,PPO
-171.93916361574,58,0,0.0,1942,935,PPO
-229.8789196229214,88,0,0.0,1912,936,PPO
-52.454070820825876,20,0,0.0,1980,937,PPO
-185.94591945652135,80,0,0.0,1920,938,PPO
-75.46510261061572,30,0,0.0,1970,939,PPO
-143.75758140091202,70,0,0.0,1930,940,PPO
-190.62105733875964,70,0,0.0,1930,941,PPO
-95.26385100128158,28,0,0.0,1972,942,PPO
-85.12211439372562,28,0,0.0,1972,943,PPO
-376.5477989364252,152,0,0.0,1848,944,PPO
-361.82673596627444,138,0,0.0,1862,945,PPO
-59.69109275580325,20,0,0.0,1980,946,PPO
-192.9048496318445,70,0,0.0,1930,947,PPO
-403.73623479613036,154,0,0.0,1846,948,PPO
-113.90948943855122,48,0,0.0,1952,949,PPO
-261.20653398279023,102,0,0.0,1898,950,PPO
-38.38903511287237,16,0,0.0,1984,951,PPO
-345.3727462411668,132,0,0.0,1868,952,PPO
-223.10905314925532,76,0,0.0,1924,953,PPO
-65.6281943392899,30,0,0.0,1970,954,PPO
-90.57804491759074,44,0,0.0,1956,955,PPO
-63.82953087332776,28,0,0.0,1972,956,PPO
-88.27545157912303,34,0,0.0,1966,957,PPO
-193.94626392131192,74,0,0.0,1926,958,PPO
-174.4215645480374,72,0,0.0,1928,959,PPO
-43.12333493711165,14,0,0.0,1986,960,PPO
-176.08104997161698,76,0,0.0,1924,961,PPO
-103.84902649404071,44,0,0.0,1956,962,PPO
-95.98106449844342,40,0,0.0,1960,963,PPO
-122.5446581983959,44,0,0.0,1956,964,PPO
-54.65207697392675,18,0,0.0,1982,965,PPO
-85.04499236347473,26,0,0.0,1974,966,PPO
-120.58874905590905,56,0,0.0,1944,967,PPO
-78.58649872064444,28,0,0.0,1972,968,PPO
-406.839822261383,144,0,0.0,1856,969,PPO
-320.33896209006804,120,0,0.0,1880,970,PPO
-62.90530394079629,28,0,0.0,1972,971,PPO
-205.4752942467203,86,0,0.0,1914,972,PPO
-232.63017439369912,80,0,0.0,1920,973,PPO
-131.67467035297213,50,0,0.0,1950,974,PPO
-479.79813575995706,194,0,0.0,1806,975,PPO
-95.70986802102736,30,0,0.0,1970,976,PPO
-51.557587087167484,18,0,0.0,1982,977,PPO
-192.76207490210146,68,0,0.0,1932,978,PPO
-164.41291105034736,70,0,0.0,1930,979,PPO
-116.81569593430437,48,0,0.0,1952,980,PPO
-217.10801931625176,86,0,0.0,1914,981,PPO
-154.25814689164497,68,0,0.0,1932,982,PPO
-167.41963557961378,70,0,0.0,1930,983,PPO
-133.5974362826435,52,0,0.0,1948,984,PPO
-180.81931749110123,78,0,0.0,1922,985,PPO
-104.5203385591769,50,0,0.0,1950,986,PPO
-148.6266311002186,60,0,0.0,1940,987,PPO
-89.04122533801126,32,0,0.0,1968,988,PPO
-78.85611263754313,32,0,0.0,1968,989,PPO
-93.05362384799633,36,0,0.0,1964,990,PPO
-328.6195771838034,134,0,0.0,1866,991,PPO
-55.02948445082584,26,0,0.0,1974,992,PPO
-164.6576120066891,62,0,0.0,1938,993,PPO
-57.97193781377195,24,0,0.0,1976,994,PPO
-653.939438116667,248,0,0.0,1752,995,PPO
-68.91056668760577,28,0,0.0,1972,996,PPO
-148.66737163308198,58,0,0.0,1942,997,PPO
-317.92298672443934,122,0,0.0,1878,998,PPO
-281.35172710184634,102,0,0.0,1898,999,PPO
-105.58708294156268,28,0,0.0,1972,1000,PPO
-152.1960688829844,56,0,0.0,1944,1001,PPO
-93.33247545480874,38,0,0.0,1962,1002,PPO
-414.60189619791385,162,0,0.0,1838,1003,PPO
-353.88450297362067,136,0,0.0,1864,1004,PPO
-74.04715086460695,24,0,0.0,1976,1005,PPO
-69.87346273900097,24,0,0.0,1976,1006,PPO
-353.17142315396904,138,0,0.0,1862,1007,PPO
-107.58441055298724,40,0,0.0,1960,1008,PPO
-94.59593964102358,34,0,0.0,1966,1009,PPO
-330.52683227783024,118,0,0.0,1882,1010,PPO
-106.16302620174972,34,0,0.0,1966,1011,PPO
-118.37816314460301,38,0,0.0,1962,1012,PPO
-135.38823480369547,46,0,0.0,1954,1013,PPO
-169.81245057586946,72,0,0.0,1928,1014,PPO
-51.81156628371013,14,0,0.0,1986,1015,PPO
-38.6524960303423,16,0,0.0,1984,1016,PPO
-179.60013644459053,80,0,0.0,1920,1017,PPO
-53.07990167380544,18,0,0.0,1982,1018,PPO
-147.07443584920867,46,0,0.0,1954,1019,PPO
-166.12880198960193,48,0,0.0,1952,1020,PPO
-157.79160424949924,58,0,0.0,1942,1021,PPO
-80.3367439079561,26,0,0.0,1974,1022,PPO
-119.11067447663807,40,0,0.0,1960,1023,PPO
-38.665986826428565,18,0,0.0,1982,1024,PPO
-233.17235770466993,96,0,0.0,1904,1025,PPO
-218.55020111803162,84,0,0.0,1916,1026,PPO
-49.1293336391711,20,0,0.0,1980,1027,PPO
-63.15035593510984,22,0,0.0,1978,1028,PPO
-232.057549355055,90,0,0.0,1910,1029,PPO
-48.66303260327405,22,0,0.0,1978,1030,PPO
-82.75765985729927,34,0,0.0,1966,1031,PPO
-150.1333652496702,66,0,0.0,1934,1032,PPO
-99.8145272708332,42,0,0.0,1958,1033,PPO
-145.52365834239777,60,0,0.0,1940,1034,PPO
-78.42293692351696,26,0,0.0,1974,1035,PPO
-302.85570153005256,120,0,0.0,1880,1036,PPO
-84.66186211587889,36,0,0.0,1964,1037,PPO
-135.66396050457547,54,0,0.0,1946,1038,PPO
-258.1214425516785,94,0,0.0,1906,1039,PPO
-94.45525849583383,34,0,0.0,1966,1040,PPO
-424.69605996376714,160,0,0.0,1840,1041,PPO
-327.4851699257625,134,0,0.0,1866,1042,PPO
-313.74593829162404,118,0,0.0,1882,1043,PPO
-223.30019706971626,88,0,0.0,1912,1044,PPO
-736.7098430182076,288,0,0.0,1712,1045,PPO
-75.52117276431294,32,0,0.0,1968,1046,PPO
-86.76862361432431,28,0,0.0,1972,1047,PPO
-229.30353015428204,92,0,0.0,1908,1048,PPO
-737.5586750866613,298,0,0.0,1702,1049,PPO
-139.15353284839594,52,0,0.0,1948,1050,PPO
-246.2761623883698,102,0,0.0,1898,1051,PPO
-269.877623472285,108,0,0.0,1892,1052,PPO
-66.77553462744633,24,0,0.0,1976,1053,PPO
-210.3164712477152,72,0,0.0,1928,1054,PPO
-187.38204441312917,70,0,0.0,1930,1055,PPO
-196.47738995796152,88,0,0.0,1912,1056,PPO
-146.57655183796345,60,0,0.0,1940,1057,PPO
-303.0957866311815,112,0,0.0,1888,1058,PPO
-59.94384106635902,18,0,0.0,1982,1059,PPO
-382.29319615847595,154,0,0.0,1846,1060,PPO
-198.07559827572837,78,0,0.0,1922,1061,PPO
-139.24034400703565,60,0,0.0,1940,1062,PPO
-168.1405260849377,70,0,0.0,1930,1063,PPO
-65.73545469524078,20,0,0.0,1980,1064,PPO
-476.25764274847256,188,0,0.0,1812,1065,PPO
-174.63915277247168,64,0,0.0,1936,1066,PPO
-120.21354235891891,42,0,0.0,1958,1067,PPO
-131.3605710196655,48,0,0.0,1952,1068,PPO
-367.460704562737,144,0,0.0,1856,1069,PPO
-143.78770811560386,56,0,0.0,1944,1070,PPO
-276.65401860482666,112,0,0.0,1888,1071,PPO
-240.079397530617,88,0,0.0,1912,1072,PPO
-177.3175929284489,64,0,0.0,1936,1073,PPO
-57.14523587945035,28,0,0.0,1972,1074,PPO
-369.3082794953558,142,0,0.0,1858,1075,PPO
-262.1209711122993,102,0,0.0,1898,1076,PPO
-154.5874974823376,54,0,0.0,1946,1077,PPO
-53.69282071830443,18,0,0.0,1982,1078,PPO
-123.0649745011708,44,0,0.0,1956,1079,PPO
-63.09189484358125,22,0,0.0,1978,1080,PPO
-387.9612506223366,144,0,0.0,1856,1081,PPO
-182.77318065886246,72,0,0.0,1928,1082,PPO
-82.07659353260152,38,0,0.0,1962,1083,PPO
-216.26639768606447,88,0,0.0,1912,1084,PPO
-268.4554375315353,110,0,0.0,1890,1085,PPO
-200.8302600670371,78,0,0.0,1922,1086,PPO
-316.56388847117626,108,0,0.0,1892,1087,PPO
-223.25194209102455,64,0,0.0,1936,1088,PPO
-51.59893935681118,22,0,0.0,1978,1089,PPO
-108.31661671879814,32,0,0.0,1968,1090,PPO
-560.5964538789772,224,0,0.0,1776,1091,PPO
-63.2593651199632,26,0,0.0,1974,1092,PPO
-244.5242969108151,98,0,0.0,1902,1093,PPO
-253.63535403734022,98,0,0.0,1902,1094,PPO
-127.80431480888186,46,0,0.0,1954,1095,PPO
-294.963611221369,126,0,0.0,1874,1096,PPO
-46.91881278278044,18,0,0.0,1982,1097,PPO
-106.49478443624481,44,0,0.0,1956,1098,PPO
-224.29097568279073,78,0,0.0,1922,1099,PPO
-65.62319078446745,26,0,0.0,1974,1100,PPO
-148.75511884453823,50,0,0.0,1950,1101,PPO
-229.22434188608582,82,0,0.0,1918,1102,PPO
-145.78420136218838,70,0,0.0,1930,1103,PPO
-80.56616290809762,38,0,0.0,1962,1104,PPO
-38.61032712936692,16,0,0.0,1984,1105,PPO
-223.1646006012604,76,0,0.0,1924,1106,PPO
-188.45310599093764,82,0,0.0,1918,1107,PPO
-92.55068540813868,38,0,0.0,1962,1108,PPO
-168.1472418189515,54,0,0.0,1946,1109,PPO
-163.18333886626297,48,0,0.0,1952,1110,PPO
-106.9242656827162,38,0,0.0,1962,1111,PPO
-116.38660607579862,38,0,0.0,1962,1112,PPO
-194.89013731722434,72,0,0.0,1928,1113,PPO
-201.19582040791252,82,0,0.0,1918,1114,PPO
-113.07087284567011,34,0,0.0,1966,1115,PPO
-64.46318587782473,28,0,0.0,1972,1116,PPO
-93.68180208685777,28,0,0.0,1972,1117,PPO
-246.66610500578773,98,0,0.0,1902,1118,PPO
-259.240564673021,102,0,0.0,1898,1119,PPO
-117.41974897624807,40,0,0.0,1960,1120,PPO
-205.48165295841795,68,0,0.0,1932,1121,PPO
-50.22723783256661,18,0,0.0,1982,1122,PPO
-474.46675638203834,184,0,0.0,1816,1123,PPO
-290.1271970844952,110,0,0.0,1890,1124,PPO
-64.28773045541166,20,0,0.0,1980,1125,PPO
-85.69259734870457,44,0,0.0,1956,1126,PPO
-85.00773007872628,32,0,0.0,1968,1127,PPO
-413.74896856080943,142,0,0.0,1858,1128,PPO
-60.62257195712008,20,0,0.0,1980,1129,PPO
-80.4376747179177,22,0,0.0,1978,1130,PPO
-73.43582382443623,30,0,0.0,1970,1131,PPO
-351.5313648415702,152,0,0.0,1848,1132,PPO
-68.76013214350328,22,0,0.0,1978,1133,PPO
-125.97097558740583,54,0,0.0,1946,1134,PPO
-433.6561559677722,152,0,0.0,1848,1135,PPO
-143.4829075098241,48,0,0.0,1952,1136,PPO
-174.25430629734456,70,0,0.0,1930,1137,PPO
-191.36101047282258,66,0,0.0,1934,1138,PPO
-266.9303237986956,96,0,0.0,1904,1139,PPO
-154.0231888103981,68,0,0.0,1932,1140,PPO
-90.7048413658273,32,0,0.0,1968,1141,PPO
-182.9773408031711,78,0,0.0,1922,1142,PPO
-90.15664376499743,28,0,0.0,1972,1143,PPO
-138.0468849110909,54,0,0.0,1946,1144,PPO
-279.5255548930853,108,0,0.0,1892,1145,PPO
-67.4402659535437,22,0,0.0,1978,1146,PPO
-124.72118030789863,50,0,0.0,1950,1147,PPO
-209.5728704691414,86,0,0.0,1914,1148,PPO
-43.23488148213306,18,0,0.0,1982,1149,PPO
-87.04781551602267,36,0,0.0,1964,1150,PPO
-286.8137471437846,114,0,0.0,1886,1151,PPO
-186.3330522990563,70,0,0.0,1930,1152,PPO
-243.0402841091636,100,0,0.0,1900,1153,PPO
-404.07157708414775,154,0,0.0,1846,1154,PPO
-192.0873950982429,74,0,0.0,1926,1155,PPO
-73.6073308921122,26,0,0.0,1974,1156,PPO
-104.4670896220338,40,0,0.0,1960,1157,PPO
-288.4903278637369,114,0,0.0,1886,1158,PPO
-53.87483012915386,20,0,0.0,1980,1159,PPO
-290.0388064146332,112,0,0.0,1888,1160,PPO
-138.67975344900535,56,0,0.0,1944,1161,PPO
-126.8504416847476,52,0,0.0,1948,1162,PPO
-137.4217227125095,42,0,0.0,1958,1163,PPO
-549.4615785099128,236,0,0.0,1764,1164,PPO
-101.64580645087581,34,0,0.0,1966,1165,PPO
-260.8472322965355,106,0,0.0,1894,1166,PPO
-182.22984862570658,66,0,0.0,1934,1167,PPO
-124.3143385291405,54,0,0.0,1946,1168,PPO
-136.74198986771628,52,0,0.0,1948,1169,PPO
-102.14963538647861,34,0,0.0,1966,1170,PPO
-88.81802215339792,32,0,0.0,1968,1171,PPO
-354.6194677901806,134,0,0.0,1866,1172,PPO
-164.26075330022928,68,0,0.0,1932,1173,PPO
-93.60968577863385,30,0,0.0,1970,1174,PPO
-81.78434771776782,32,0,0.0,1968,1175,PPO
-85.30453412534406,34,0,0.0,1966,1176,PPO
-353.29769674307266,128,0,0.0,1872,1177,PPO
-178.9267035103078,62,0,0.0,1938,1178,PPO
-207.92908654218343,76,0,0.0,1924,1179,PPO
-109.45608976843592,48,0,0.0,1952,1180,PPO
-64.61284967186396,26,0,0.0,1974,1181,PPO
-88.08048730611362,32,0,0.0,1968,1182,PPO
-248.98879297500142,100,0,0.0,1900,1183,PPO
-99.04489946130138,38,0,0.0,1962,1184,PPO
-195.72698236233308,78,0,0.0,1922,1185,PPO
-53.63211978197971,20,0,0.0,1980,1186,PPO
-675.346613667126,262,0,0.0,1738,1187,PPO
-102.40669629813547,38,0,0.0,1962,1188,PPO
-204.85474936490397,78,0,0.0,1922,1189,PPO
-292.38320120818895,104,0,0.0,1896,1190,PPO
-303.996348164163,122,0,0.0,1878,1191,PPO
-307.25966256862023,106,0,0.0,1894,1192,PPO
-141.395848195611,64,0,0.0,1936,1193,PPO
-230.84820194726908,102,0,0.0,1898,1194,PPO
-76.96870923044189,28,0,0.0,1972,1195,PPO
-11.329556846614288,10,0,0.0,1990,1196,PPO
-177.73446875336998,62,0,0.0,1938,1197,PPO
-61.5415043973981,20,0,0.0,1980,1198,PPO
-171.80319585088122,70,0,0.0,1930,1199,PPO
-84.97303787233773,30,0,0.0,1970,1200,PPO
-51.99627835513325,20,0,0.0,1980,1201,PPO
-254.82201035266385,96,0,0.0,1904,1202,PPO
-237.11876187805436,94,0,0.0,1906,1203,PPO
-195.28944072490202,88,0,0.0,1912,1204,PPO
-128.6246474242574,56,0,0.0,1944,1205,PPO
-310.8247785688612,132,0,0.0,1868,1206,PPO
-249.18151522641946,102,0,0.0,1898,1207,PPO
-301.0392935085733,116,0,0.0,1884,1208,PPO
-232.16415235999597,72,0,0.0,1928,1209,PPO
-88.7265013933298,34,0,0.0,1966,1210,PPO
-437.1448508025062,162,0,0.0,1838,1211,PPO
-208.43177764896527,72,0,0.0,1928,1212,PPO
-137.2964003825479,56,0,0.0,1944,1213,PPO
-96.6844921660758,32,0,0.0,1968,1214,PPO
-221.2397950744964,76,0,0.0,1924,1215,PPO
-435.35405321126757,164,0,0.0,1836,1216,PPO
-84.00274317503556,34,0,0.0,1966,1217,PPO
-72.67432209731602,22,0,0.0,1978,1218,PPO
-148.1249194598547,54,0,0.0,1946,1219,PPO
-85.9300612354395,26,0,0.0,1974,1220,PPO
-94.23327163221781,32,0,0.0,1968,1221,PPO
-105.23219030620267,36,0,0.0,1964,1222,PPO
-137.97597754244396,54,0,0.0,1946,1223,PPO
-37.502407464979626,16,0,0.0,1984,1224,PPO
-75.58295095922746,26,0,0.0,1974,1225,PPO
-99.02224504474025,34,0,0.0,1966,1226,PPO
-343.5160800553041,130,0,0.0,1870,1227,PPO
-144.46538708214214,50,0,0.0,1950,1228,PPO
-166.13682265046322,64,0,0.0,1936,1229,PPO
-149.72487821581313,50,0,0.0,1950,1230,PPO
-60.2916761780018,24,0,0.0,1976,1231,PPO
-744.7892597772362,304,0,0.0,1696,1232,PPO
-40.66871994019428,14,0,0.0,1986,1233,PPO
-75.7195542884091,28,0,0.0,1972,1234,PPO
-55.81621616127145,24,0,0.0,1976,1235,PPO
-89.75954489470547,36,0,0.0,1964,1236,PPO
-257.90721175199747,90,0,0.0,1910,1237,PPO
-124.2637401223547,54,0,0.0,1946,1238,PPO
-98.49512801648059,32,0,0.0,1968,1239,PPO
-193.22499003651814,70,0,0.0,1930,1240,PPO
-119.2216010380126,48,0,0.0,1952,1241,PPO
-95.0343046546186,38,0,0.0,1962,1242,PPO
-214.89612084392658,84,0,0.0,1916,1243,PPO
-110.9321290827118,38,0,0.0,1962,1244,PPO
-98.6381078863493,44,0,0.0,1956,1245,PPO
-157.1447277236291,60,0,0.0,1940,1246,PPO
-442.94631073959295,154,0,0.0,1846,1247,PPO
-26.777569222454623,10,0,0.0,1990,1248,PPO
-313.82545767552824,134,0,0.0,1866,1249,PPO
-60.40335378887161,18,0,0.0,1982,1250,PPO
-94.13155274154789,44,0,0.0,1956,1251,PPO
-84.07645270350069,38,0,0.0,1962,1252,PPO
-175.682243597541,62,0,0.0,1938,1253,PPO
-585.1433905650251,212,0,0.0,1788,1254,PPO
-451.8412067104652,194,0,0.0,1806,1255,PPO
-97.6405348611038,30,0,0.0,1970,1256,PPO
-176.45341789722877,60,0,0.0,1940,1257,PPO
-54.70442080738344,24,0,0.0,1976,1258,PPO
-129.15149320844034,54,0,0.0,1946,1259,PPO
-159.32595153335694,48,0,0.0,1952,1260,PPO
-109.4016985798173,38,0,0.0,1962,1261,PPO
-73.52849387646596,26,0,0.0,1974,1262,PPO
-294.80403702980874,102,0,0.0,1898,1263,PPO
-206.97003356697354,66,0,0.0,1934,1264,PPO
-250.48317423823838,106,0,0.0,1894,1265,PPO
-42.57897777557082,14,0,0.0,1986,1266,PPO
-100.64747066977259,46,0,0.0,1954,1267,PPO
-119.0369415259536,48,0,0.0,1952,1268,PPO
-164.88892941716972,60,0,0.0,1940,1269,PPO
-124.8777575922245,44,0,0.0,1956,1270,PPO
-336.79597462661394,128,0,0.0,1872,1271,PPO
-47.05460718871328,22,0,0.0,1978,1272,PPO
-303.8777342057797,102,0,0.0,1898,1273,PPO
-209.462811884918,84,0,0.0,1916,1274,PPO
-102.83189698697736,40,0,0.0,1960,1275,PPO
-81.3643372655264,30,0,0.0,1970,1276,PPO
-77.39358865024987,32,0,0.0,1968,1277,PPO
-190.92787230495273,72,0,0.0,1928,1278,PPO
-121.80348659042473,52,0,0.0,1948,1279,PPO
-64.95491305351112,20,0,0.0,1980,1280,PPO
-81.85733899595826,36,0,0.0,1964,1281,PPO
-191.2571001243955,70,0,0.0,1930,1282,PPO
-105.22495406867672,38,0,0.0,1962,1283,PPO
-160.4439975476367,62,0,0.0,1938,1284,PPO
-129.3675369882991,50,0,0.0,1950,1285,PPO
-125.26929873468241,36,0,0.0,1964,1286,PPO
-52.15925602675067,14,0,0.0,1986,1287,PPO
-108.48635109189809,44,0,0.0,1956,1288,PPO
-64.4454123687817,30,0,0.0,1970,1289,PPO
-313.90428782230174,128,0,0.0,1872,1290,PPO
-249.03350840814244,92,0,0.0,1908,1291,PPO
-143.23826385978236,58,0,0.0,1942,1292,PPO
-239.35077813631023,88,0,0.0,1912,1293,PPO
-115.23021391155231,42,0,0.0,1958,1294,PPO
-246.3821538806732,96,0,0.0,1904,1295,PPO
-222.40951864961443,88,0,0.0,1912,1296,PPO
-299.82325446851064,120,0,0.0,1880,1297,PPO
-269.805198161618,92,0,0.0,1908,1298,PPO
-392.6592081428492,138,0,0.0,1862,1299,PPO
-467.56845008385517,198,0,0.0,1802,1300,PPO
-192.07279838801307,62,0,0.0,1938,1301,PPO
-362.7491499520352,136,0,0.0,1864,1302,PPO
-260.6454141903448,94,0,0.0,1906,1303,PPO
-78.17614699365747,32,0,0.0,1968,1304,PPO
-89.47870623350728,28,0,0.0,1972,1305,PPO
-112.87539888859811,38,0,0.0,1962,1306,PPO
-169.6606533742083,62,0,0.0,1938,1307,PPO
-126.57012485983468,62,0,0.0,1938,1308,PPO
-346.31421281821014,114,0,0.0,1886,1309,PPO
-36.57826143265353,16,0,0.0,1984,1310,PPO
-107.35732513432099,46,0,0.0,1954,1311,PPO
-379.56583347563503,144,0,0.0,1856,1312,PPO
-71.70609911920386,22,0,0.0,1978,1313,PPO
-63.793737354291665,22,0,0.0,1978,1314,PPO
-51.05529777527002,20,0,0.0,1980,1315,PPO
-53.538373324882706,24,0,0.0,1976,1316,PPO
-220.54011201861576,84,0,0.0,1916,1317,PPO
-87.17709084512259,32,0,0.0,1968,1318,PPO
-140.0099268651023,52,0,0.0,1948,1319,PPO
-121.51695796492918,52,0,0.0,1948,1320,PPO
-114.34512245418242,48,0,0.0,1952,1321,PPO
-101.682208106544,34,0,0.0,1966,1322,PPO
-70.8610938501591,28,0,0.0,1972,1323,PPO
-304.4558645439934,120,0,0.0,1880,1324,PPO
-96.79243132116449,40,0,0.0,1960,1325,PPO
-103.88749562026231,40,0,0.0,1960,1326,PPO
-291.7851871967957,92,0,0.0,1908,1327,PPO
-101.32251938823084,28,0,0.0,1972,1328,PPO
-509.36093131312253,184,0,0.0,1816,1329,PPO
-137.01522297858895,50,0,0.0,1950,1330,PPO
-108.73647860291237,44,0,0.0,1956,1331,PPO
-239.98694534784414,94,0,0.0,1906,1332,PPO
-379.13214223631,140,0,0.0,1860,1333,PPO
-48.43052701235399,24,0,0.0,1976,1334,PPO
-761.8020487000026,292,0,0.0,1708,1335,PPO
-57.968230383416525,18,0,0.0,1982,1336,PPO
-122.14512633803126,44,0,0.0,1956,1337,PPO
-116.4384292340453,52,0,0.0,1948,1338,PPO
-162.47041787862776,58,0,0.0,1942,1339,PPO
-76.95494704963814,24,0,0.0,1976,1340,PPO
-48.89220330715907,12,0,0.0,1988,1341,PPO
-71.75624099731446,28,0,0.0,1972,1342,PPO
-131.56293093209158,54,0,0.0,1946,1343,PPO
-51.581817262178525,22,0,0.0,1978,1344,PPO
-164.03234701399253,54,0,0.0,1946,1345,PPO
-317.1658571744811,124,0,0.0,1876,1346,PPO
-108.62432042123928,50,0,0.0,1950,1347,PPO
-428.47166055925925,148,0,0.0,1852,1348,PPO
-396.8147412706149,150,0,0.0,1850,1349,PPO
-155.71079021934474,48,0,0.0,1952,1350,PPO
-239.1247277689445,100,0,0.0,1900,1351,PPO
-142.82026826861286,48,0,0.0,1952,1352,PPO
-48.93559668542119,18,0,0.0,1982,1353,PPO
-108.12403496744865,34,0,0.0,1966,1354,PPO
-190.17748203281957,66,0,0.0,1934,1355,PPO
-168.85018100981455,68,0,0.0,1932,1356,PPO
-107.09857802631214,38,0,0.0,1962,1357,PPO
-471.7917866064007,164,0,0.0,1836,1358,PPO
-65.73989352466859,28,0,0.0,1972,1359,PPO
-57.96861462594826,28,0,0.0,1972,1360,PPO
-262.21023285631156,98,0,0.0,1902,1361,PPO
-99.95080410004974,42,0,0.0,1958,1362,PPO
-178.0618565631058,64,0,0.0,1936,1363,PPO
-181.78163169388085,72,0,0.0,1928,1364,PPO
-326.15900260690944,114,0,0.0,1886,1365,PPO
-158.79731168272002,54,0,0.0,1946,1366,PPO
-203.6797578979121,80,0,0.0,1920,1367,PPO
-177.2293418479169,54,0,0.0,1946,1368,PPO
-92.65656383994441,46,0,0.0,1954,1369,PPO
-123.02229996445121,52,0,0.0,1948,1370,PPO
-74.87779832366039,38,0,0.0,1962,1371,PPO
-99.15524049999802,38,0,0.0,1962,1372,PPO
-199.31694504265536,72,0,0.0,1928,1373,PPO
-580.5342289663524,232,0,0.0,1768,1374,PPO
-178.25001149658905,54,0,0.0,1946,1375,PPO
-150.4099845075797,50,0,0.0,1950,1376,PPO
-47.856381263757655,20,0,0.0,1980,1377,PPO
-68.30240945818369,30,0,0.0,1970,1378,PPO
-148.09616285804864,64,0,0.0,1936,1379,PPO
-199.6648449635811,78,0,0.0,1922,1380,PPO
-232.47114414221494,90,0,0.0,1910,1381,PPO
-342.3071410442347,136,0,0.0,1864,1382,PPO
-51.80923050882179,20,0,0.0,1980,1383,PPO
-148.7711947727742,56,0,0.0,1944,1384,PPO
-110.40634183648012,56,0,0.0,1944,1385,PPO
-336.06425888544044,122,0,0.0,1878,1386,PPO
-380.7708402348528,146,0,0.0,1854,1387,PPO
-212.50466219192018,80,0,0.0,1920,1388,PPO
-190.3408416510183,68,0,0.0,1932,1389,PPO
-389.86140427121893,152,0,0.0,1848,1390,PPO
-96.54598876955887,44,0,0.0,1956,1391,PPO
-274.5716670179934,112,0,0.0,1888,1392,PPO
-142.72584291223058,48,0,0.0,1952,1393,PPO
-74.3511222577255,28,0,0.0,1972,1394,PPO
-275.74157918699194,116,0,0.0,1884,1395,PPO
-162.82904841186942,60,0,0.0,1940,1396,PPO
-106.96210710051147,40,0,0.0,1960,1397,PPO
-267.31165266997505,96,0,0.0,1904,1398,PPO
-213.98937535528745,80,0,0.0,1920,1399,PPO
-200.70351645948114,72,0,0.0,1928,1400,PPO
-77.53930778982583,28,0,0.0,1972,1401,PPO
-63.02284815313906,22,0,0.0,1978,1402,PPO
-252.93677282577764,92,0,0.0,1908,1403,PPO
-189.16294849400117,70,0,0.0,1930,1404,PPO
-173.03496362450505,62,0,0.0,1938,1405,PPO
-189.68644600394737,72,0,0.0,1928,1406,PPO
-430.0778336621233,158,0,0.0,1842,1407,PPO
-230.1520216131734,84,0,0.0,1916,1408,PPO
-150.69053272486607,44,0,0.0,1956,1409,PPO
-351.21778778085184,128,0,0.0,1872,1410,PPO
-40.51413144351361,12,0,0.0,1988,1411,PPO
-171.85234507325958,72,0,0.0,1928,1412,PPO
-193.06751248364642,68,0,0.0,1932,1413,PPO
-131.6512867832577,56,0,0.0,1944,1414,PPO
-89.68825800421034,28,0,0.0,1972,1415,PPO
-229.15274586204785,78,0,0.0,1922,1416,PPO
-88.40924380544338,38,0,0.0,1962,1417,PPO
-80.0632453060383,36,0,0.0,1964,1418,PPO
-275.98422225959996,126,0,0.0,1874,1419,PPO
-89.7042561602869,26,0,0.0,1974,1420,PPO
-200.04182332995913,70,0,0.0,1930,1421,PPO
-174.49405349018224,66,0,0.0,1934,1422,PPO
-133.44615819933648,50,0,0.0,1950,1423,PPO
-417.7117521263057,176,0,0.0,1824,1424,PPO
-116.24948686601768,42,0,0.0,1958,1425,PPO
-272.63711762911976,102,0,0.0,1898,1426,PPO
-83.56410427334107,30,0,0.0,1970,1427,PPO
-188.36748562340483,70,0,0.0,1930,1428,PPO
-126.93522502422769,48,0,0.0,1952,1429,PPO
-82.94806032181803,34,0,0.0,1966,1430,PPO
-57.64791225435533,22,0,0.0,1978,1431,PPO
-183.27016672378215,70,0,0.0,1930,1432,PPO
-232.5765527415887,100,0,0.0,1900,1433,PPO
-78.9447070670317,32,0,0.0,1968,1434,PPO
-181.05353387118987,50,0,0.0,1950,1435,PPO
-500.5433808565944,176,0,0.0,1824,1436,PPO
-326.6913577485813,138,0,0.0,1862,1437,PPO
-61.90141990903095,34,0,0.0,1966,1438,PPO
-113.63149048091873,42,0,0.0,1958,1439,PPO
-316.65580002787647,108,0,0.0,1892,1440,PPO
-195.8098638344189,82,0,0.0,1918,1441,PPO
-55.100893526088925,18,0,0.0,1982,1442,PPO
-111.24443528177244,40,0,0.0,1960,1443,PPO
-812.171469938926,326,0,0.0,1674,1444,PPO
-158.31504146816965,46,0,0.0,1954,1445,PPO
-134.15787762882215,44,0,0.0,1956,1446,PPO
-106.03018228294358,42,0,0.0,1958,1447,PPO
-189.21348392492413,80,0,0.0,1920,1448,PPO
-154.20984245065662,60,0,0.0,1940,1449,PPO
-217.90931242946888,64,0,0.0,1936,1450,PPO
-118.32207378151791,54,0,0.0,1946,1451,PPO
-51.79794440270489,16,0,0.0,1984,1452,PPO
-86.25477173805525,30,0,0.0,1970,1453,PPO
-44.54411759377545,18,0,0.0,1982,1454,PPO
-434.8833588720011,168,0,0.0,1832,1455,PPO
-163.7376501846795,62,0,0.0,1938,1456,PPO
-133.42320687535042,50,0,0.0,1950,1457,PPO
-190.61364868406696,74,0,0.0,1926,1458,PPO
-94.26693215847597,36,0,0.0,1964,1459,PPO
-601.5961440278643,248,0,0.0,1752,1460,PPO
-194.43497365955466,74,0,0.0,1926,1461,PPO
-116.74661556483915,52,0,0.0,1948,1462,PPO
-122.99078181505638,42,0,0.0,1958,1463,PPO
-122.62177283050819,62,0,0.0,1938,1464,PPO
-25.32002172470529,12,0,0.0,1988,1465,PPO
-165.51536468032515,58,0,0.0,1942,1466,PPO
-114.20330194714593,46,0,0.0,1954,1467,PPO
-133.5905966639795,56,0,0.0,1944,1468,PPO
-325.7805386043453,142,0,0.0,1858,1469,PPO
-178.48212763789945,72,0,0.0,1928,1470,PPO
-72.59643896820053,36,0,0.0,1964,1471,PPO
-102.50780619863477,44,0,0.0,1956,1472,PPO
-157.90042610410086,52,0,0.0,1948,1473,PPO
-59.69728580477036,26,0,0.0,1974,1474,PPO
-230.2232324695922,84,0,0.0,1916,1475,PPO
-214.14049516921523,84,0,0.0,1916,1476,PPO
-144.28752636673693,60,0,0.0,1940,1477,PPO
-124.36170327665602,46,0,0.0,1954,1478,PPO
-510.53746895564495,210,0,0.0,1790,1479,PPO
-85.67072592736163,42,0,0.0,1958,1480,PPO
-339.3119064236123,130,0,0.0,1870,1481,PPO
-220.55207278732573,86,0,0.0,1914,1482,PPO
-434.60881958253657,174,0,0.0,1826,1483,PPO
-260.46547862770933,106,0,0.0,1894,1484,PPO
-245.3484754753827,120,0,0.0,1880,1485,PPO
-81.83634776355434,36,0,0.0,1964,1486,PPO
-131.83497323754938,52,0,0.0,1948,1487,PPO
-337.86766344793114,144,0,0.0,1856,1488,PPO
-151.19568132644318,64,0,0.0,1936,1489,PPO
-205.6164541245104,88,0,0.0,1912,1490,PPO
-26.283130319131597,14,0,0.0,1986,1491,PPO
-193.2818726611342,72,0,0.0,1928,1492,PPO
-96.40658781768491,38,0,0.0,1962,1493,PPO
-37.38736039163428,14,0,0.0,1986,1494,PPO
-77.89490809442651,24,0,0.0,1976,1495,PPO
-207.84170527222983,80,0,0.0,1920,1496,PPO
-109.7235111117581,44,0,0.0,1956,1497,PPO
-207.34491637710107,86,0,0.0,1914,1498,PPO
-186.108087382372,80,0,0.0,1920,1499,PPO
-47.135972418804016,16,0,0.0,1984,1500,PPO
-381.52792634494,148,0,0.0,1852,1501,PPO
-344.0132361937121,134,0,0.0,1866,1502,PPO
-49.83629885674251,16,0,0.0,1984,1503,PPO
-153.91290070535493,68,0,0.0,1932,1504,PPO
-212.19385886673663,84,0,0.0,1916,1505,PPO
-78.69141422751912,28,0,0.0,1972,1506,PPO
-278.28745625979,102,0,0.0,1898,1507,PPO
-142.22707594873705,50,0,0.0,1950,1508,PPO
-44.813567814834244,20,0,0.0,1980,1509,PPO
-73.48400024415955,20,0,0.0,1980,1510,PPO
-160.0919436836622,64,0,0.0,1936,1511,PPO
-185.01434788944232,66,0,0.0,1934,1512,PPO
-77.47122889520774,34,0,0.0,1966,1513,PPO
-77.6039129781883,28,0,0.0,1972,1514,PPO
-203.83991327054477,82,0,0.0,1918,1515,PPO
-504.5948334503932,196,0,0.0,1804,1516,PPO
-294.5238769174262,114,0,0.0,1886,1517,PPO
-60.07622664214345,16,0,0.0,1984,1518,PPO
-39.64943096877745,16,0,0.0,1984,1519,PPO
-220.51939420942568,82,0,0.0,1918,1520,PPO
-157.89272519831545,54,0,0.0,1946,1521,PPO
-167.1744685984094,66,0,0.0,1934,1522,PPO
-59.913929507761495,28,0,0.0,1972,1523,PPO
-354.83853456503596,140,0,0.0,1860,1524,PPO
-251.36828433997468,94,0,0.0,1906,1525,PPO
-163.2797019171976,58,0,0.0,1942,1526,PPO
-104.2462159514718,44,0,0.0,1956,1527,PPO
-294.86294976717534,100,0,0.0,1900,1528,PPO
-115.18683205367735,42,0,0.0,1958,1529,PPO
-261.933779499605,106,0,0.0,1894,1530,PPO
-87.40972369436086,32,0,0.0,1968,1531,PPO
-202.87768348222565,88,0,0.0,1912,1532,PPO
-249.7722045588873,108,0,0.0,1892,1533,PPO
-96.59731693032748,40,0,0.0,1960,1534,PPO
-446.15672665128636,162,0,0.0,1838,1535,PPO
-54.68801813842176,24,0,0.0,1976,1536,PPO
-177.2082304358789,72,0,0.0,1928,1537,PPO
-332.9199038935057,134,0,0.0,1866,1538,PPO
-290.3896410394399,122,0,0.0,1878,1539,PPO
-235.86900871994456,86,0,0.0,1914,1540,PPO
-572.3394897175867,224,0,0.0,1776,1541,PPO
-393.9055282116837,152,0,0.0,1848,1542,PPO
-131.99711002349414,44,0,0.0,1956,1543,PPO
-169.354854695832,68,0,0.0,1932,1544,PPO
-78.35601402524043,32,0,0.0,1968,1545,PPO
-236.21550752404113,90,0,0.0,1910,1546,PPO
-82.68039240361715,34,0,0.0,1966,1547,PPO
-89.04731910229167,28,0,0.0,1972,1548,PPO
-130.47217339517138,48,0,0.0,1952,1549,PPO
-118.9783089304363,46,0,0.0,1954,1550,PPO
-23.126728379729318,10,0,0.0,1990,1551,PPO
-188.39416883711854,58,0,0.0,1942,1552,PPO
-55.195215764067555,20,0,0.0,1980,1553,PPO
-65.16441109421199,20,0,0.0,1980,1554,PPO
-443.49029641878207,178,0,0.0,1822,1555,PPO
-212.44343999867192,68,0,0.0,1932,1556,PPO
-259.09159908775143,102,0,0.0,1898,1557,PPO
-405.24284822471833,140,0,0.0,1860,1558,PPO
-43.61565040112124,16,0,0.0,1984,1559,PPO
-184.58162490848662,78,0,0.0,1922,1560,PPO
-220.56847830302263,70,0,0.0,1930,1561,PPO
-78.3970936870706,30,0,0.0,1970,1562,PPO
-131.007177400621,50,0,0.0,1950,1563,PPO
-86.35475038768755,32,0,0.0,1968,1564,PPO
-140.56844271186213,54,0,0.0,1946,1565,PPO
-122.69061338427301,40,0,0.0,1960,1566,PPO
-335.39427593238315,132,0,0.0,1868,1567,PPO
-192.95609600547036,74,0,0.0,1926,1568,PPO
-97.38293232443567,38,0,0.0,1962,1569,PPO
-45.91775510551001,16,0,0.0,1984,1570,PPO
-102.7156204080727,34,0,0.0,1966,1571,PPO
-188.17647819285136,68,0,0.0,1932,1572,PPO
-86.40757038356327,30,0,0.0,1970,1573,PPO
-57.218849413415306,18,0,0.0,1982,1574,PPO
-145.10873128657084,58,0,0.0,1942,1575,PPO
-448.2726150060762,200,0,0.0,1800,1576,PPO
-344.44707198862494,132,0,0.0,1868,1577,PPO
-106.30801434044291,38,0,0.0,1962,1578,PPO
-251.09421112542464,100,0,0.0,1900,1579,PPO
-270.1215709424527,102,0,0.0,1898,1580,PPO
-158.91314375881612,62,0,0.0,1938,1581,PPO
-166.2310908127224,66,0,0.0,1934,1582,PPO
-553.6281519390187,212,0,0.0,1788,1583,PPO
-584.4256249763198,252,0,0.0,1748,1584,PPO
-127.68568608047903,46,0,0.0,1954,1585,PPO
-83.72404101373802,34,0,0.0,1966,1586,PPO
-146.3379695153353,44,0,0.0,1956,1587,PPO
-345.7252392650366,126,0,0.0,1874,1588,PPO
-361.93456322438266,130,0,0.0,1870,1589,PPO
-161.99059382203444,54,0,0.0,1946,1590,PPO
-116.05429344417702,42,0,0.0,1958,1591,PPO
-197.03644940141803,76,0,0.0,1924,1592,PPO
-123.636039080662,50,0,0.0,1950,1593,PPO
-106.36958541158641,48,0,0.0,1952,1594,PPO
-292.26011059290755,120,0,0.0,1880,1595,PPO
-545.3989256860062,218,0,0.0,1782,1596,PPO
-109.23319513084247,38,0,0.0,1962,1597,PPO
-294.88417830710455,112,0,0.0,1888,1598,PPO
-126.07957685950907,46,0,0.0,1954,1599,PPO
-252.10015775446783,98,0,0.0,1902,1600,PPO
-319.2561837745528,130,0,0.0,1870,1601,PPO
-87.23671080592204,42,0,0.0,1958,1602,PPO
-130.19445031170295,42,0,0.0,1958,1603,PPO
-62.79050805332461,22,0,0.0,1978,1604,PPO
-133.25116867304718,48,0,0.0,1952,1605,PPO
-216.6461578989423,72,0,0.0,1928,1606,PPO
-143.19569356445575,54,0,0.0,1946,1607,PPO
-189.20247334007533,82,0,0.0,1918,1608,PPO
-65.33096629620617,32,0,0.0,1968,1609,PPO
-161.78925239091836,62,0,0.0,1938,1610,PPO
-59.98121377708711,22,0,0.0,1978,1611,PPO
-166.13874447825486,72,0,0.0,1928,1612,PPO
-161.32087289813677,68,0,0.0,1932,1613,PPO
-173.4865179586862,64,0,0.0,1936,1614,PPO
-440.5084207082336,154,0,0.0,1846,1615,PPO
-282.8622474599743,110,0,0.0,1890,1616,PPO
-140.22275875570426,44,0,0.0,1956,1617,PPO
-459.7814905954471,180,0,0.0,1820,1618,PPO
-262.1689520168959,96,0,0.0,1904,1619,PPO
-88.66363010646802,30,0,0.0,1970,1620,PPO
-99.80246299747289,36,0,0.0,1964,1621,PPO
-107.5582093358229,38,0,0.0,1962,1622,PPO
-288.97078249937744,110,0,0.0,1890,1623,PPO
-120.6360831403994,50,0,0.0,1950,1624,PPO
-99.89405431273654,32,0,0.0,1968,1625,PPO
-326.4129073668154,132,0,0.0,1868,1626,PPO
-68.94689290525713,28,0,0.0,1972,1627,PPO
-411.9883418036497,162,0,0.0,1838,1628,PPO
-272.04620689638364,112,0,0.0,1888,1629,PPO
-94.90366385698898,34,0,0.0,1966,1630,PPO
-187.01062809233568,66,0,0.0,1934,1631,PPO
-109.04714181903658,44,0,0.0,1956,1632,PPO
-265.7060131383555,98,0,0.0,1902,1633,PPO
-91.42371028901745,26,0,0.0,1974,1634,PPO
-152.6336924982247,66,0,0.0,1934,1635,PPO
-181.4857305884885,68,0,0.0,1932,1636,PPO
-114.25836874250233,36,0,0.0,1964,1637,PPO
-243.12591964965625,92,0,0.0,1908,1638,PPO
-106.33562417509496,36,0,0.0,1964,1639,PPO
-139.40914386514777,52,0,0.0,1948,1640,PPO
-433.62137856492217,152,0,0.0,1848,1641,PPO
-160.15014656784484,56,0,0.0,1944,1642,PPO
-633.5835619713432,230,0,0.0,1770,1643,PPO
-88.75290797473308,38,0,0.0,1962,1644,PPO
-186.8598611474576,62,0,0.0,1938,1645,PPO
-62.455891337394725,26,0,0.0,1974,1646,PPO
-315.10847428328856,116,0,0.0,1884,1647,PPO
-728.2727890540928,274,0,0.0,1726,1648,PPO
-543.0363122869237,210,0,0.0,1790,1649,PPO
-111.37442539218287,36,0,0.0,1964,1650,PPO
-140.16845310931532,50,0,0.0,1950,1651,PPO
-64.0752155089524,22,0,0.0,1978,1652,PPO
-413.4879368806628,178,0,0.0,1822,1653,PPO
-866.7197496391768,302,0,0.0,1698,1654,PPO
-107.04763612511682,42,0,0.0,1958,1655,PPO
-164.75368147856014,60,0,0.0,1940,1656,PPO
-263.84505175118784,86,0,0.0,1914,1657,PPO
-101.21992083076007,44,0,0.0,1956,1658,PPO
-263.8315004349307,92,0,0.0,1908,1659,PPO
-64.23134292126866,20,0,0.0,1980,1660,PPO
-227.99569075826636,84,0,0.0,1916,1661,PPO
-169.6439899301777,56,0,0.0,1944,1662,PPO
-209.4558818555185,80,0,0.0,1920,1663,PPO
-299.652065162746,116,0,0.0,1884,1664,PPO
-130.3524826503149,56,0,0.0,1944,1665,PPO
-307.62947928675356,106,0,0.0,1894,1666,PPO
-218.24956078294292,72,0,0.0,1928,1667,PPO
-175.59448066476202,70,0,0.0,1930,1668,PPO
-483.1166848755799,190,0,0.0,1810,1669,PPO
-125.55877573971053,42,0,0.0,1958,1670,PPO
-39.03026844741951,16,0,0.0,1984,1671,PPO
-108.3548960709834,48,0,0.0,1952,1672,PPO
-354.98096794133244,118,0,0.0,1882,1673,PPO
-128.56988496783012,52,0,0.0,1948,1674,PPO
-173.94594772103505,64,0,0.0,1936,1675,PPO
-86.31009490015887,30,0,0.0,1970,1676,PPO
-41.27531277181173,14,0,0.0,1986,1677,PPO
-345.2738743234234,138,0,0.0,1862,1678,PPO
-529.6755072237071,198,0,0.0,1802,1679,PPO
-436.7478950763886,166,0,0.0,1834,1680,PPO
-135.771718521156,62,0,0.0,1938,1681,PPO
-109.59849840881769,40,0,0.0,1960,1682,PPO
-315.5641180158114,104,0,0.0,1896,1683,PPO
-505.1006987453301,184,0,0.0,1816,1684,PPO
-79.64021579504451,28,0,0.0,1972,1685,PPO
-69.48232741357788,28,0,0.0,1972,1686,PPO
-196.03665227416965,84,0,0.0,1916,1687,PPO
-213.17181067707486,92,0,0.0,1908,1688,PPO
-121.18638118748268,56,0,0.0,1944,1689,PPO
-42.07035911084386,20,0,0.0,1980,1690,PPO
-181.481612596541,72,0,0.0,1928,1691,PPO
-135.95164115194282,60,0,0.0,1940,1692,PPO
-111.61081081632436,32,0,0.0,1968,1693,PPO
-195.84582454209522,76,0,0.0,1924,1694,PPO
-48.34596601249243,22,0,0.0,1978,1695,PPO
-111.1726582002902,40,0,0.0,1960,1696,PPO
-150.92332946065585,52,0,0.0,1948,1697,PPO
-247.23933765176892,92,0,0.0,1908,1698,PPO
-270.7042238617815,104,0,0.0,1896,1699,PPO
-137.24003975395755,56,0,0.0,1944,1700,PPO
-438.5077273679538,150,0,0.0,1850,1701,PPO
-88.43248989821936,28,0,0.0,1972,1702,PPO
-435.9795265794905,170,0,0.0,1830,1703,PPO
-142.6761249542527,46,0,0.0,1954,1704,PPO
-73.13091305735347,32,0,0.0,1968,1705,PPO
-301.69996389634895,122,0,0.0,1878,1706,PPO
-119.09664950610231,46,0,0.0,1954,1707,PPO
-218.4818027305793,72,0,0.0,1928,1708,PPO
-201.68180017475683,74,0,0.0,1926,1709,PPO
-41.94933403493865,16,0,0.0,1984,1710,PPO
-94.22800348999444,26,0,0.0,1974,1711,PPO
-133.1199512338711,58,0,0.0,1942,1712,PPO
-115.52312350037477,46,0,0.0,1954,1713,PPO
-104.36241556408201,34,0,0.0,1966,1714,PPO
-138.11425602437666,46,0,0.0,1954,1715,PPO
-265.0232849288703,106,0,0.0,1894,1716,PPO
-238.58386147263582,78,0,0.0,1922,1717,PPO
-166.0675151229225,60,0,0.0,1940,1718,PPO
-187.3582877111756,62,0,0.0,1938,1719,PPO
-171.0555422950315,66,0,0.0,1934,1720,PPO
-179.03007372384104,70,0,0.0,1930,1721,PPO
-81.81322081567748,34,0,0.0,1966,1722,PPO
-572.2594796611015,210,0,0.0,1790,1723,PPO
-155.7822942233407,66,0,0.0,1934,1724,PPO
-160.23064930679604,60,0,0.0,1940,1725,PPO
-161.48369850639023,60,0,0.0,1940,1726,PPO
-182.0932484412849,78,0,0.0,1922,1727,PPO
-73.05912296297203,26,0,0.0,1974,1728,PPO
-61.0997936129701,24,0,0.0,1976,1729,PPO
-442.4587817192864,178,0,0.0,1822,1730,PPO
-137.71927362443182,50,0,0.0,1950,1731,PPO
-132.962054193065,46,0,0.0,1954,1732,PPO
-742.2117454887928,294,0,0.0,1706,1733,PPO
-200.49194341426383,92,0,0.0,1908,1734,PPO
-268.8958131933883,96,0,0.0,1904,1735,PPO
-36.79181329251645,16,0,0.0,1984,1736,PPO
-121.44996840002918,46,0,0.0,1954,1737,PPO
-485.33279123312263,180,0,0.0,1820,1738,PPO
-72.31286087513698,26,0,0.0,1974,1739,PPO
-231.67378540045317,90,0,0.0,1910,1740,PPO
-211.44457327372285,76,0,0.0,1924,1741,PPO
-189.74401667360715,80,0,0.0,1920,1742,PPO
-165.70920753484546,68,0,0.0,1932,1743,PPO
-151.3357769203551,58,0,0.0,1942,1744,PPO
-60.40490038635675,20,0,0.0,1980,1745,PPO
-378.13608322391286,140,0,0.0,1860,1746,PPO
-46.446545557972854,18,0,0.0,1982,1747,PPO
-186.7869803953652,70,0,0.0,1930,1748,PPO
-543.399375922786,210,0,0.0,1790,1749,PPO
-321.4114262628948,118,0,0.0,1882,1750,PPO
-291.17225636486904,108,0,0.0,1892,1751,PPO
-266.2625820088809,96,0,0.0,1904,1752,PPO
-203.28163266900117,70,0,0.0,1930,1753,PPO
-208.2499330163512,82,0,0.0,1918,1754,PPO
-128.66321643354982,38,0,0.0,1962,1755,PPO
-159.54779427054325,84,0,0.0,1916,1756,PPO
-121.00195563557672,46,0,0.0,1954,1757,PPO
-110.103188016435,34,0,0.0,1966,1758,PPO
-163.27056946518374,70,0,0.0,1930,1759,PPO
-168.05849916223636,72,0,0.0,1928,1760,PPO
-466.8460393429825,180,0,0.0,1820,1761,PPO
-327.3972932124546,118,0,0.0,1882,1762,PPO
-122.06546808721816,38,0,0.0,1962,1763,PPO
-94.32967175961703,36,0,0.0,1964,1764,PPO
-194.7897064757697,80,0,0.0,1920,1765,PPO
-155.93546279669977,52,0,0.0,1948,1766,PPO
-94.14827083587645,42,0,0.0,1958,1767,PPO
-353.7369883990824,142,0,0.0,1858,1768,PPO
-44.854032135025776,22,0,0.0,1978,1769,PPO
-112.02967685940061,38,0,0.0,1962,1770,PPO
-167.90247483020448,66,0,0.0,1934,1771,PPO
-215.08221557142957,70,0,0.0,1930,1772,PPO
-305.4829287696698,138,0,0.0,1862,1773,PPO
-103.24129341843073,36,0,0.0,1964,1774,PPO
-254.77688314919803,98,0,0.0,1902,1775,PPO
-63.36553186893901,22,0,0.0,1978,1776,PPO
-114.13000135900333,38,0,0.0,1962,1777,PPO
-176.97966291432564,66,0,0.0,1934,1778,PPO
-99.33128226997941,44,0,0.0,1956,1779,PPO
-278.82700714357185,108,0,0.0,1892,1780,PPO
-176.27188970331315,70,0,0.0,1930,1781,PPO
-131.03523682835626,54,0,0.0,1946,1782,PPO
-85.1629981851796,36,0,0.0,1964,1783,PPO
-131.08268975735297,52,0,0.0,1948,1784,PPO
-129.08879048588807,50,0,0.0,1950,1785,PPO
-223.17513729338975,82,0,0.0,1918,1786,PPO
-166.497454428715,62,0,0.0,1938,1787,PPO
-308.018222329691,120,0,0.0,1880,1788,PPO
-109.58043982508997,38,0,0.0,1962,1789,PPO
-197.99108185772062,86,0,0.0,1914,1790,PPO
-356.8860920501498,128,0,0.0,1872,1791,PPO
-46.8983156967396,18,0,0.0,1982,1792,PPO
-248.6838400102303,86,0,0.0,1914,1793,PPO
-130.86681002620227,48,0,0.0,1952,1794,PPO
-206.88046057942591,68,0,0.0,1932,1795,PPO
-300.3222798967889,108,0,0.0,1892,1796,PPO
-155.19958947900898,58,0,0.0,1942,1797,PPO
-560.6770899416138,204,0,0.0,1796,1798,PPO
-254.84929802185903,94,0,0.0,1906,1799,PPO
-516.9668697548931,182,0,0.0,1818,1800,PPO
-358.6598420072084,138,0,0.0,1862,1801,PPO
-144.22543416026608,50,0,0.0,1950,1802,PPO
-202.81160821204233,68,0,0.0,1932,1803,PPO
-26.544475848673322,14,0,0.0,1986,1804,PPO
-147.6769769382753,50,0,0.0,1950,1805,PPO
-248.4463708472673,90,0,0.0,1910,1806,PPO
-247.99901632789306,108,0,0.0,1892,1807,PPO
-57.929053518785224,20,0,0.0,1980,1808,PPO
-65.46168674947432,28,0,0.0,1972,1809,PPO
-332.32228709466443,120,0,0.0,1880,1810,PPO
-174.06046576264725,62,0,0.0,1938,1811,PPO
-91.19552788736618,32,0,0.0,1968,1812,PPO
-793.4912422014864,308,0,0.0,1692,1813,PPO
-183.38228676800463,72,0,0.0,1928,1814,PPO
-117.37968972685714,44,0,0.0,1956,1815,PPO
-52.44312918186625,20,0,0.0,1980,1816,PPO
-274.2281858373443,106,0,0.0,1894,1817,PPO
-712.5107249666557,276,0,0.0,1724,1818,PPO
-280.6036667156946,100,0,0.0,1900,1819,PPO
-298.9041622377082,116,0,0.0,1884,1820,PPO
-78.92584161522625,32,0,0.0,1968,1821,PPO
-403.2300591350343,140,0,0.0,1860,1822,PPO
-101.3647912073499,32,0,0.0,1968,1823,PPO
-80.8524413037562,30,0,0.0,1970,1824,PPO
-396.47566416745366,154,0,0.0,1846,1825,PPO
-201.68031432392686,82,0,0.0,1918,1826,PPO
-93.15474711421207,32,0,0.0,1968,1827,PPO
-104.13214200021002,36,0,0.0,1964,1828,PPO
-232.18314565660623,88,0,0.0,1912,1829,PPO
-106.71477082494121,38,0,0.0,1962,1830,PPO
-359.3226611185584,124,0,0.0,1876,1831,PPO
-67.43626737358807,28,0,0.0,1972,1832,PPO
-204.99971093420143,84,0,0.0,1916,1833,PPO
-502.99956310281374,186,0,0.0,1814,1834,PPO
-364.2113055087109,148,0,0.0,1852,1835,PPO
-261.79183412320594,94,0,0.0,1906,1836,PPO
-209.4509355593122,86,0,0.0,1914,1837,PPO
-123.32617691996042,40,0,0.0,1960,1838,PPO
-124.44216672900835,44,0,0.0,1956,1839,PPO
-340.2144662834016,138,0,0.0,1862,1840,PPO
-359.6177734232631,126,0,0.0,1874,1841,PPO
-332.72747262723294,130,0,0.0,1870,1842,PPO
-144.55201380971153,62,0,0.0,1938,1843,PPO
-124.62036136628359,40,0,0.0,1960,1844,PPO
-99.664758737096,36,0,0.0,1964,1845,PPO
-59.75582026959922,20,0,0.0,1980,1846,PPO
-331.2285585928371,118,0,0.0,1882,1847,PPO
-123.0690474057372,48,0,0.0,1952,1848,PPO
-66.17355178596046,26,0,0.0,1974,1849,PPO
-120.31464360476848,42,0,0.0,1958,1850,PPO
-105.18521959308154,48,0,0.0,1952,1851,PPO
-145.93944593671768,48,0,0.0,1952,1852,PPO
-226.4189560628562,96,0,0.0,1904,1853,PPO
-103.40523680451152,30,0,0.0,1970,1854,PPO
-146.8580006694924,58,0,0.0,1942,1855,PPO
-451.68665445813224,180,0,0.0,1820,1856,PPO
-126.33707613469916,48,0,0.0,1952,1857,PPO
-129.9464912295574,46,0,0.0,1954,1858,PPO
-243.34747421746874,88,0,0.0,1912,1859,PPO
-283.3805589342659,98,0,0.0,1902,1860,PPO
-83.78236192943558,36,0,0.0,1964,1861,PPO
-296.738465516643,128,0,0.0,1872,1862,PPO
-269.53656142955464,118,0,0.0,1882,1863,PPO
-312.2902892256365,116,0,0.0,1884,1864,PPO
-94.90390668871638,40,0,0.0,1960,1865,PPO
-276.68008462433266,108,0,0.0,1892,1866,PPO
-327.82489721065764,118,0,0.0,1882,1867,PPO
-429.8160920191816,170,0,0.0,1830,1868,PPO
-94.7334078526817,36,0,0.0,1964,1869,PPO
-233.65618197923615,92,0,0.0,1908,1870,PPO
-411.88566017399324,148,0,0.0,1852,1871,PPO
-158.13092143538532,50,0,0.0,1950,1872,PPO
-115.34800076249607,38,0,0.0,1962,1873,PPO
-760.4340891839332,290,0,0.0,1710,1874,PPO
-461.1525222874766,174,0,0.0,1826,1875,PPO
-538.264029221673,232,0,0.0,1768,1876,PPO
-235.44021371607667,84,0,0.0,1916,1877,PPO
-222.42100268129468,74,0,0.0,1926,1878,PPO
-125.59364794496503,46,0,0.0,1954,1879,PPO
-415.50648970850517,160,0,0.0,1840,1880,PPO
-249.42831316475483,86,0,0.0,1914,1881,PPO
-189.24576684479752,86,0,0.0,1914,1882,PPO
-325.4010403490694,142,0,0.0,1858,1883,PPO
-541.0353778148892,212,0,0.0,1788,1884,PPO
-194.76100366596634,76,0,0.0,1924,1885,PPO
-193.99018657451734,70,0,0.0,1930,1886,PPO
-223.7275346541769,90,0,0.0,1910,1887,PPO
-126.40057529452521,54,0,0.0,1946,1888,PPO
-146.4550102377287,52,0,0.0,1948,1889,PPO
-591.8500802256189,216,0,0.0,1784,1890,PPO
-75.5597727155918,32,0,0.0,1968,1891,PPO
-136.65581200126323,48,0,0.0,1952,1892,PPO
-558.2627228928748,234,0,0.0,1766,1893,PPO
-89.65391769409908,38,0,0.0,1962,1894,PPO
-94.0712864995381,34,0,0.0,1966,1895,PPO
-99.50145042898306,30,0,0.0,1970,1896,PPO
-71.15630326747605,30,0,0.0,1970,1897,PPO
-21.645926017768506,18,0,0.0,1982,1898,PPO
-405.65850372083213,150,0,0.0,1850,1899,PPO
-176.6737579584718,72,0,0.0,1928,1900,PPO
-51.43672440529888,18,0,0.0,1982,1901,PPO
-75.49622548344371,28,0,0.0,1972,1902,PPO
-60.581270873564065,26,0,0.0,1974,1903,PPO
-325.56596474891904,108,0,0.0,1892,1904,PPO
-85.12122779133261,32,0,0.0,1968,1905,PPO
-326.67641774901256,120,0,0.0,1880,1906,PPO
-260.13272205597445,110,0,0.0,1890,1907,PPO
-127.70320912125054,46,0,0.0,1954,1908,PPO
-61.938959574716876,22,0,0.0,1978,1909,PPO
-169.01915130141896,62,0,0.0,1938,1910,PPO
-222.10808881766206,82,0,0.0,1918,1911,PPO
-96.96264374735736,38,0,0.0,1962,1912,PPO
-71.29264550925176,34,0,0.0,1966,1913,PPO
-523.5758600331792,214,0,0.0,1786,1914,PPO
-99.23374918226793,44,0,0.0,1956,1915,PPO
-69.88334874153864,26,0,0.0,1974,1916,PPO
-163.99466080430804,58,0,0.0,1942,1917,PPO
-198.63933279040975,76,0,0.0,1924,1918,PPO
-192.27633436445072,78,0,0.0,1922,1919,PPO
-192.71655977253513,70,0,0.0,1930,1920,PPO
-96.56250698805582,34,0,0.0,1966,1921,PPO
-107.73973212005744,34,0,0.0,1966,1922,PPO
-116.00648573637734,42,0,0.0,1958,1923,PPO
-213.9523036194081,74,0,0.0,1926,1924,PPO
-114.05486802580151,46,0,0.0,1954,1925,PPO
-455.49508807191216,166,0,0.0,1834,1926,PPO
-181.82422731641455,58,0,0.0,1942,1927,PPO
-279.91159718992225,102,0,0.0,1898,1928,PPO
-38.56919343472691,16,0,0.0,1984,1929,PPO
-135.05995653154352,46,0,0.0,1954,1930,PPO
-254.9110111833072,102,0,0.0,1898,1931,PPO
-273.847857322754,116,0,0.0,1884,1932,PPO
-172.35559795620682,56,0,0.0,1944,1933,PPO
-562.6463638616934,226,0,0.0,1774,1934,PPO
-309.85803366430054,118,0,0.0,1882,1935,PPO
-356.1761557389192,138,0,0.0,1862,1936,PPO
-50.26240093947476,18,0,0.0,1982,1937,PPO
-58.36646040679917,20,0,0.0,1980,1938,PPO
-187.04251734260248,66,0,0.0,1934,1939,PPO
-211.5074710369503,92,0,0.0,1908,1940,PPO
-67.37066100837255,26,0,0.0,1974,1941,PPO
-89.43438918116908,36,0,0.0,1964,1942,PPO
-598.5886366678536,238,0,0.0,1762,1943,PPO
-270.11223435643376,106,0,0.0,1894,1944,PPO
-42.29881454946357,16,0,0.0,1984,1945,PPO
-215.98131927734482,76,0,0.0,1924,1946,PPO
-215.3052253365969,76,0,0.0,1924,1947,PPO
-171.75733161930788,68,0,0.0,1932,1948,PPO
-209.5071977115113,76,0,0.0,1924,1949,PPO
-141.0583346224137,52,0,0.0,1948,1950,PPO
-198.65171519999112,76,0,0.0,1924,1951,PPO
-94.68856991293664,32,0,0.0,1968,1952,PPO
-142.94051800253044,54,0,0.0,1946,1953,PPO
-79.88831103087637,30,0,0.0,1970,1954,PPO
-65.04495262625308,24,0,0.0,1976,1955,PPO
-77.278713719871,30,0,0.0,1970,1956,PPO
-295.2216934276148,120,0,0.0,1880,1957,PPO
-130.54040352822946,50,0,0.0,1950,1958,PPO
-448.7167258263219,168,0,0.0,1832,1959,PPO
-115.43374768975305,44,0,0.0,1956,1960,PPO
-338.26547472720483,130,0,0.0,1870,1961,PPO
-215.06515427591762,82,0,0.0,1918,1962,PPO
-313.5831942177648,118,0,0.0,1882,1963,PPO
-108.26850429537531,40,0,0.0,1960,1964,PPO
-139.4250122285297,54,0,0.0,1946,1965,PPO
-130.172917738019,52,0,0.0,1948,1966,PPO
-127.8550649380902,40,0,0.0,1960,1967,PPO
-366.1960737539022,138,0,0.0,1862,1968,PPO
-155.24337602857563,64,0,0.0,1936,1969,PPO
-130.0208456373491,38,0,0.0,1962,1970,PPO
-483.4204329443925,180,0,0.0,1820,1971,PPO
-52.23467336893955,20,0,0.0,1980,1972,PPO
-83.02738045217497,38,0,0.0,1962,1973,PPO
-198.1806743479068,78,0,0.0,1922,1974,PPO
-185.37400936370227,76,0,0.0,1924,1975,PPO
-196.9164003491781,76,0,0.0,1924,1976,PPO
-107.45519441608687,50,0,0.0,1950,1977,PPO
-135.622811589257,50,0,0.0,1950,1978,PPO
-279.05801846986714,102,0,0.0,1898,1979,PPO
-130.43271205427732,46,0,0.0,1954,1980,PPO
-72.02992227079957,24,0,0.0,1976,1981,PPO
-201.6529753875834,74,0,0.0,1926,1982,PPO
-247.90857423788313,102,0,0.0,1898,1983,PPO
-272.1592179656409,106,0,0.0,1894,1984,PPO
-256.3468943095891,110,0,0.0,1890,1985,PPO
-86.85741246702906,32,0,0.0,1968,1986,PPO
-175.13987772945674,72,0,0.0,1928,1987,PPO
-362.1061534119292,158,0,0.0,1842,1988,PPO
-182.49700077299673,76,0,0.0,1924,1989,PPO
-298.75272894390645,116,0,0.0,1884,1990,PPO
-216.7890452695476,74,0,0.0,1926,1991,PPO
-134.49719969276546,60,0,0.0,1940,1992,PPO
-130.96984727624857,44,0,0.0,1956,1993,PPO
-114.02159382585056,46,0,0.0,1954,1994,PPO
-42.29400630951946,14,0,0.0,1986,1995,PPO
-470.78541371595065,176,0,0.0,1824,1996,PPO
-43.363366961489376,18,0,0.0,1982,1997,PPO
-173.16988512043116,66,0,0.0,1934,1998,PPO
-71.68889784575526,28,0,0.0,1972,1999,PPO
-142.18881086350655,52,0,0.0,1948,2000,PPO
